randomise_blocks,trial_number,display,Image,ITI_duration,Pause_duration,event,probeImageLeft,probeImageRight,correctAnswer,featureProbe,background
,0,instructionsExperiment,,0,0,,,,0,0,gray
,0,fixation,,0,0,,,,0,0,gray
,1,learningTrial,A_1_set2.png,0,0,finish,,,0,0,gray
,1,learningTrial,B_2_set2.png,0,0,finish,,,0,0,gray
,1,learningTrial,C_1_set2.png,0,0,finish,,,0,0,gray
,1,learningTrial,D_2_set2.png,0,0,finish,,,0,0,gray
,1,learningTrial,A_3_set2.png,0,0,finish,,,0,0,gray
,1,learningTrial,B_2_set2.png,0,0,finish,,,0,0,gray
,1,learningTrial,C_3_set2.png,0,0,finish,,,0,0,gray
,1,learningTrial,D_2_set2.png,0,0,finish,,,0,0,gray
,1,learningTrial,A_3_set2.png,0,0,finish,,,0,0,gray
,1,learningTrial,B_4_set2.png,0,0,finish,,,0,0,gray
,1,learningTrial,C_5_set2.png,0,0,finish,,,0,0,gray
,1,learningTrial,D_4_set2.png,0,0,finish,,,0,0,gray
,0,PreProbeInterval,,0,0,,,,0,0,gray
,1,probeTrial,C_3_set2.png,0,0,finish,B_4_set2.png,D_4_set2.png,2,1,gray
,0,IPI,,0,0,,,,0,0,gray
,101,inferenceTrial,A_2_set2.png,0,0,finish,D_3_set2.png,B_3_set2.png,2,1,gray
,0,ITI,,1650,0,,,,0,0,gray
,2,learningTrial,A_5_set2.png,0,0,finish,,,0,0,gray
,2,learningTrial,B_4_set2.png,0,0,finish,,,0,0,gray
,2,learningTrial,C_5_set2.png,0,0,finish,,,0,0,gray
,2,learningTrial,D_6_set2.png,0,0,finish,,,0,0,gray
,2,learningTrial,A_5_set2.png,0,0,finish,,,0,0,gray
,2,learningTrial,B_6_set2.png,0,0,finish,,,0,0,gray
,2,learningTrial,C_5_set2.png,0,0,finish,,,0,0,gray
,2,learningTrial,D_4_set2.png,0,0,finish,,,0,0,gray
,2,learningTrial,A_3_set2.png,0,0,finish,,,0,0,gray
,2,learningTrial,B_2_set2.png,0,0,finish,,,0,0,gray
,2,learningTrial,C_3_set2.png,0,0,finish,,,0,0,gray
,2,learningTrial,D_4_set2.png,0,0,finish,,,0,0,gray
,0,PreProbeInterval,,0,0,,,,0,0,gray
,2,probeTrial,D_4_set2.png,0,0,finish,A_5_set2.png,C_5_set2.png,1,1,gray
,0,IPI,,0,0,,,,0,0,gray
,102,inferenceTrial,B_3_set2.png,0,0,finish,C_2_set2.png,C_6_set2.png,1,2,gray
,0,ITI,,1100,0,,,,0,0,gray
,3,learningTrial,A_5_set2.png,0,0,finish,,,0,0,gray
,3,learningTrial,B_4_set2.png,0,0,finish,,,0,0,gray
,3,learningTrial,C_3_set2.png,0,0,finish,,,0,0,gray
,3,learningTrial,D_2_set2.png,0,0,finish,,,0,0,gray
,3,learningTrial,A_1_set2.png,0,0,finish,,,0,0,gray
,3,learningTrial,B_2_set2.png,0,0,finish,,,0,0,gray
,3,learningTrial,C_1_set2.png,0,0,finish,,,0,0,gray
,3,learningTrial,D_2_set2.png,0,0,finish,,,0,0,gray
,3,learningTrial,A_3_set2.png,0,0,finish,,,0,0,gray
,3,learningTrial,B_4_set2.png,0,0,finish,,,0,0,gray
,3,learningTrial,C_5_set2.png,0,0,finish,,,0,0,gray
,3,learningTrial,D_4_set2.png,0,0,finish,,,0,0,gray
,0,PreProbeInterval,,0,0,,,,0,0,gray
,3,probeTrial,A_5_set2.png,0,0,finish,B_2_set2.png,B_6_set2.png,2,2,gray
,0,IPI,,0,0,,,,0,0,gray
,103,inferenceTrial,A_6_set2.png,0,0,finish,B_5_set2.png,B_3_set2.png,1,2,gray
,0,ITI,,1450,0,,,,0,0,gray
,4,learningTrial,A_5_set2.png,0,0,finish,,,0,0,gray
,4,learningTrial,B_6_set2.png,0,0,finish,,,0,0,gray
,4,learningTrial,C_5_set2.png,0,0,finish,,,0,0,gray
,4,learningTrial,D_6_set2.png,0,0,finish,,,0,0,gray
,4,learningTrial,A_5_set2.png,0,0,finish,,,0,0,gray
,4,learningTrial,B_4_set2.png,0,0,finish,,,0,0,gray
,4,learningTrial,C_3_set2.png,0,0,finish,,,0,0,gray
,4,learningTrial,D_4_set2.png,0,0,finish,,,0,0,gray
,4,learningTrial,A_3_set2.png,0,0,finish,,,0,0,gray
,4,learningTrial,B_2_set2.png,0,0,finish,,,0,0,gray
,4,learningTrial,C_3_set2.png,0,0,finish,,,0,0,gray
,4,learningTrial,D_2_set2.png,0,0,finish,,,0,0,gray
,0,PreProbeInterval,,0,0,,,,0,0,gray
,4,probeTrial,C_3_set2.png,0,0,finish,D_6_set2.png,D_2_set2.png,2,2,gray
,0,IPI,,0,0,,,,0,0,gray
,104,inferenceTrial,A_4_set2.png,0,0,finish,D_5_set2.png,B_5_set2.png,2,1,gray
,0,ITI,,1400,0,,,,0,0,gray
,5,learningTrial,A_1_set2.png,0,0,finish,,,0,0,gray
,5,learningTrial,B_2_set2.png,0,0,finish,,,0,0,gray
,5,learningTrial,C_1_set2.png,0,0,finish,,,0,0,gray
,5,learningTrial,D_2_set2.png,0,0,finish,,,0,0,gray
,5,learningTrial,A_3_set2.png,0,0,finish,,,0,0,gray
,5,learningTrial,B_2_set2.png,0,0,finish,,,0,0,gray
,5,learningTrial,C_3_set2.png,0,0,finish,,,0,0,gray
,5,learningTrial,D_2_set2.png,0,0,finish,,,0,0,gray
,5,learningTrial,A_3_set2.png,0,0,finish,,,0,0,gray
,5,learningTrial,B_4_set2.png,0,0,finish,,,0,0,gray
,5,learningTrial,C_5_set2.png,0,0,finish,,,0,0,gray
,5,learningTrial,D_4_set2.png,0,0,finish,,,0,0,gray
,0,PreProbeInterval,,0,0,,,,0,0,gray
,5,probeTrial,B_6_set2.png,0,0,finish,A_5_set2.png,C_5_set2.png,2,1,gray
,0,IPI,,0,0,,,,0,0,gray
,105,inferenceTrial,B_5_set2.png,0,0,finish,C_4_set2.png,C_2_set2.png,1,2,gray
,0,ITI,,1250,0,,,,0,0,gray
,6,learningTrial,A_5_set2.png,0,0,finish,,,0,0,gray
,6,learningTrial,B_4_set2.png,0,0,finish,,,0,0,gray
,6,learningTrial,C_5_set2.png,0,0,finish,,,0,0,gray
,6,learningTrial,D_6_set2.png,0,0,finish,,,0,0,gray
,6,learningTrial,A_5_set2.png,0,0,finish,,,0,0,gray
,6,learningTrial,B_6_set2.png,0,0,finish,,,0,0,gray
,6,learningTrial,C_5_set2.png,0,0,finish,,,0,0,gray
,6,learningTrial,D_4_set2.png,0,0,finish,,,0,0,gray
,6,learningTrial,A_3_set2.png,0,0,finish,,,0,0,gray
,6,learningTrial,B_2_set2.png,0,0,finish,,,0,0,gray
,6,learningTrial,C_3_set2.png,0,0,finish,,,0,0,gray
,6,learningTrial,D_4_set2.png,0,0,finish,,,0,0,gray
,0,PreProbeInterval,,0,0,,,,0,0,gray
,6,probeTrial,B_2_set2.png,0,0,finish,C_3_set2.png,C_5_set2.png,1,2,gray
,0,IPI,,0,0,,,,0,0,gray
,106,inferenceTrial,D_5_set2.png,0,0,finish,C_4_set2.png,A_4_set2.png,2,1,gray
,0,ITI,,2000,0,,,,0,0,gray
,7,learningTrial,A_5_set2.png,0,0,finish,,,0,0,gray
,7,learningTrial,B_4_set2.png,0,0,finish,,,0,0,gray
,7,learningTrial,C_3_set2.png,0,0,finish,,,0,0,gray
,7,learningTrial,D_2_set2.png,0,0,finish,,,0,0,gray
,7,learningTrial,A_1_set2.png,0,0,finish,,,0,0,gray
,7,learningTrial,B_2_set2.png,0,0,finish,,,0,0,gray
,7,learningTrial,C_1_set2.png,0,0,finish,,,0,0,gray
,7,learningTrial,D_2_set2.png,0,0,finish,,,0,0,gray
,7,learningTrial,A_3_set2.png,0,0,finish,,,0,0,gray
,7,learningTrial,B_4_set2.png,0,0,finish,,,0,0,gray
,7,learningTrial,C_5_set2.png,0,0,finish,,,0,0,gray
,7,learningTrial,D_4_set2.png,0,0,finish,,,0,0,gray
,0,PreProbeInterval,,0,0,,,,0,0,gray
,7,probeTrial,B_6_set2.png,0,0,finish,C_5_set2.png,C_3_set2.png,1,2,gray
,0,IPI,,0,0,,,,0,0,gray
,107,inferenceTrial,D_3_set2.png,0,0,finish,A_6_set2.png,A_4_set2.png,2,2,gray
,0,ITI,,1300,0,,,,0,0,gray
,8,learningTrial,A_5_set2.png,0,0,finish,,,0,0,gray
,8,learningTrial,B_6_set2.png,0,0,finish,,,0,0,gray
,8,learningTrial,C_5_set2.png,0,0,finish,,,0,0,gray
,8,learningTrial,D_6_set2.png,0,0,finish,,,0,0,gray
,8,learningTrial,A_5_set2.png,0,0,finish,,,0,0,gray
,8,learningTrial,B_4_set2.png,0,0,finish,,,0,0,gray
,8,learningTrial,C_3_set2.png,0,0,finish,,,0,0,gray
,8,learningTrial,D_4_set2.png,0,0,finish,,,0,0,gray
,8,learningTrial,A_3_set2.png,0,0,finish,,,0,0,gray
,8,learningTrial,B_2_set2.png,0,0,finish,,,0,0,gray
,8,learningTrial,C_3_set2.png,0,0,finish,,,0,0,gray
,8,learningTrial,D_2_set2.png,0,0,finish,,,0,0,gray
,0,PreProbeInterval,,0,0,,,,0,0,gray
,8,probeTrial,B_4_set2.png,0,0,finish,C_3_set2.png,A_3_set2.png,1,1,gray
,0,IPI,,0,0,,,,0,0,gray
,108,inferenceTrial,A_2_set2.png,0,0,finish,D_3_set2.png,B_3_set2.png,2,1,gray
,0,ITI,,1400,0,,,,0,0,gray
,9,learningTrial,A_1_set2.png,0,0,finish,,,0,0,gray
,9,learningTrial,B_2_set2.png,0,0,finish,,,0,0,gray
,9,learningTrial,C_1_set2.png,0,0,finish,,,0,0,gray
,9,learningTrial,D_2_set2.png,0,0,finish,,,0,0,gray
,9,learningTrial,A_3_set2.png,0,0,finish,,,0,0,gray
,9,learningTrial,B_2_set2.png,0,0,finish,,,0,0,gray
,9,learningTrial,C_3_set2.png,0,0,finish,,,0,0,gray
,9,learningTrial,D_2_set2.png,0,0,finish,,,0,0,gray
,9,learningTrial,A_3_set2.png,0,0,finish,,,0,0,gray
,9,learningTrial,B_4_set2.png,0,0,finish,,,0,0,gray
,9,learningTrial,C_5_set2.png,0,0,finish,,,0,0,gray
,9,learningTrial,D_4_set2.png,0,0,finish,,,0,0,gray
,0,PreProbeInterval,,0,0,,,,0,0,gray
,9,probeTrial,C_1_set2.png,0,0,finish,D_2_set2.png,B_2_set2.png,1,1,gray
,0,IPI,,0,0,,,,0,0,gray
,109,inferenceTrial,A_4_set2.png,0,0,finish,B_3_set2.png,B_1_set2.png,1,2,gray
,0,ITI,,1450,0,,,,0,0,gray
,10,learningTrial,A_5_set2.png,0,0,finish,,,0,0,gray
,10,learningTrial,B_4_set2.png,0,0,finish,,,0,0,gray
,10,learningTrial,C_5_set2.png,0,0,finish,,,0,0,gray
,10,learningTrial,D_6_set2.png,0,0,finish,,,0,0,gray
,10,learningTrial,A_5_set2.png,0,0,finish,,,0,0,gray
,10,learningTrial,B_6_set2.png,0,0,finish,,,0,0,gray
,10,learningTrial,C_5_set2.png,0,0,finish,,,0,0,gray
,10,learningTrial,D_4_set2.png,0,0,finish,,,0,0,gray
,10,learningTrial,A_3_set2.png,0,0,finish,,,0,0,gray
,10,learningTrial,B_2_set2.png,0,0,finish,,,0,0,gray
,10,learningTrial,C_3_set2.png,0,0,finish,,,0,0,gray
,10,learningTrial,D_4_set2.png,0,0,finish,,,0,0,gray
,0,PreProbeInterval,,0,0,,,,0,0,gray
,10,probeTrial,A_5_set2.png,0,0,finish,B_4_set2.png,D_4_set2.png,1,1,gray
,0,IPI,,0,0,,,,0,0,gray
,110,inferenceTrial,A_2_set2.png,0,0,finish,B_5_set2.png,B_1_set2.png,2,2,gray
,0,ITI,,1100,0,,,,0,0,gray
,11,learningTrial,A_5_set2.png,0,0,finish,,,0,0,gray
,11,learningTrial,B_4_set2.png,0,0,finish,,,0,0,gray
,11,learningTrial,C_3_set2.png,0,0,finish,,,0,0,gray
,11,learningTrial,D_2_set2.png,0,0,finish,,,0,0,gray
,11,learningTrial,A_1_set2.png,0,0,finish,,,0,0,gray
,11,learningTrial,B_2_set2.png,0,0,finish,,,0,0,gray
,11,learningTrial,C_1_set2.png,0,0,finish,,,0,0,gray
,11,learningTrial,D_2_set2.png,0,0,finish,,,0,0,gray
,11,learningTrial,A_3_set2.png,0,0,finish,,,0,0,gray
,11,learningTrial,B_4_set2.png,0,0,finish,,,0,0,gray
,11,learningTrial,C_5_set2.png,0,0,finish,,,0,0,gray
,11,learningTrial,D_4_set2.png,0,0,finish,,,0,0,gray
,0,PreProbeInterval,,0,0,,,,0,0,gray
,11,probeTrial,C_5_set2.png,0,0,finish,D_4_set2.png,D_2_set2.png,1,2,gray
,0,IPI,,0,0,,,,0,0,gray
,111,inferenceTrial,B_5_set2.png,0,0,finish,A_6_set2.png,C_6_set2.png,2,1,gray
,0,ITI,,1850,0,,,,0,0,gray
,12,learningTrial,A_5_set2.png,0,0,finish,,,0,0,gray
,12,learningTrial,B_6_set2.png,0,0,finish,,,0,0,gray
,12,learningTrial,C_5_set2.png,0,0,finish,,,0,0,gray
,12,learningTrial,D_6_set2.png,0,0,finish,,,0,0,gray
,12,learningTrial,A_5_set2.png,0,0,finish,,,0,0,gray
,12,learningTrial,B_4_set2.png,0,0,finish,,,0,0,gray
,12,learningTrial,C_3_set2.png,0,0,finish,,,0,0,gray
,12,learningTrial,D_4_set2.png,0,0,finish,,,0,0,gray
,12,learningTrial,A_3_set2.png,0,0,finish,,,0,0,gray
,12,learningTrial,B_2_set2.png,0,0,finish,,,0,0,gray
,12,learningTrial,C_3_set2.png,0,0,finish,,,0,0,gray
,12,learningTrial,D_2_set2.png,0,0,finish,,,0,0,gray
,0,PreProbeInterval,,0,0,,,,0,0,gray
,12,probeTrial,A_5_set2.png,0,0,finish,B_6_set2.png,B_2_set2.png,1,2,gray
,0,IPI,,0,0,,,,0,0,gray
,112,inferenceTrial,B_1_set2.png,0,0,finish,C_2_set2.png,A_2_set2.png,1,1,gray
,0,ITI,,1300,0,,,,0,0,gray
,0,Pause,,0,30000,,,,0,0,gray
,13,learningTrial,A_1_set2.png,0,0,finish,,,0,0,gray
,13,learningTrial,B_2_set2.png,0,0,finish,,,0,0,gray
,13,learningTrial,C_1_set2.png,0,0,finish,,,0,0,gray
,13,learningTrial,D_2_set2.png,0,0,finish,,,0,0,gray
,13,learningTrial,A_3_set2.png,0,0,finish,,,0,0,gray
,13,learningTrial,B_2_set2.png,0,0,finish,,,0,0,gray
,13,learningTrial,C_3_set2.png,0,0,finish,,,0,0,gray
,13,learningTrial,D_2_set2.png,0,0,finish,,,0,0,gray
,13,learningTrial,A_3_set2.png,0,0,finish,,,0,0,gray
,13,learningTrial,B_4_set2.png,0,0,finish,,,0,0,gray
,13,learningTrial,C_5_set2.png,0,0,finish,,,0,0,gray
,13,learningTrial,D_4_set2.png,0,0,finish,,,0,0,gray
,0,PreProbeInterval,,0,0,,,,0,0,gray
,13,probeTrial,C_3_set2.png,0,0,finish,D_2_set2.png,D_6_set2.png,1,2,gray
,0,IPI,,0,0,,,,0,0,gray
,113,inferenceTrial,D_5_set2.png,0,0,finish,A_6_set2.png,A_2_set2.png,1,2,gray
,0,ITI,,1100,0,,,,0,0,gray
,14,learningTrial,A_5_set2.png,0,0,finish,,,0,0,gray
,14,learningTrial,B_4_set2.png,0,0,finish,,,0,0,gray
,14,learningTrial,C_5_set2.png,0,0,finish,,,0,0,gray
,14,learningTrial,D_6_set2.png,0,0,finish,,,0,0,gray
,14,learningTrial,A_5_set2.png,0,0,finish,,,0,0,gray
,14,learningTrial,B_6_set2.png,0,0,finish,,,0,0,gray
,14,learningTrial,C_5_set2.png,0,0,finish,,,0,0,gray
,14,learningTrial,D_4_set2.png,0,0,finish,,,0,0,gray
,14,learningTrial,A_3_set2.png,0,0,finish,,,0,0,gray
,14,learningTrial,B_2_set2.png,0,0,finish,,,0,0,gray
,14,learningTrial,C_3_set2.png,0,0,finish,,,0,0,gray
,14,learningTrial,D_4_set2.png,0,0,finish,,,0,0,gray
,0,PreProbeInterval,,0,0,,,,0,0,gray
,14,probeTrial,B_6_set2.png,0,0,finish,A_5_set2.png,C_5_set2.png,2,1,gray
,0,IPI,,0,0,,,,0,0,gray
,114,inferenceTrial,C_6_set2.png,0,0,finish,D_5_set2.png,B_5_set2.png,1,1,gray
,0,ITI,,1150,0,,,,0,0,gray
,15,learningTrial,A_5_set2.png,0,0,finish,,,0,0,gray
,15,learningTrial,B_4_set2.png,0,0,finish,,,0,0,gray
,15,learningTrial,C_3_set2.png,0,0,finish,,,0,0,gray
,15,learningTrial,D_2_set2.png,0,0,finish,,,0,0,gray
,15,learningTrial,A_1_set2.png,0,0,finish,,,0,0,gray
,15,learningTrial,B_2_set2.png,0,0,finish,,,0,0,gray
,15,learningTrial,C_1_set2.png,0,0,finish,,,0,0,gray
,15,learningTrial,D_2_set2.png,0,0,finish,,,0,0,gray
,15,learningTrial,A_3_set2.png,0,0,finish,,,0,0,gray
,15,learningTrial,B_4_set2.png,0,0,finish,,,0,0,gray
,15,learningTrial,C_5_set2.png,0,0,finish,,,0,0,gray
,15,learningTrial,D_4_set2.png,0,0,finish,,,0,0,gray
,0,PreProbeInterval,,0,0,,,,0,0,gray
,15,probeTrial,C_3_set2.png,0,0,finish,D_4_set2.png,B_4_set2.png,1,1,gray
,0,IPI,,0,0,,,,0,0,gray
,115,inferenceTrial,C_4_set2.png,0,0,finish,B_3_set2.png,D_3_set2.png,2,1,gray
,0,ITI,,1550,0,,,,0,0,gray
,16,learningTrial,A_5_set2.png,0,0,finish,,,0,0,gray
,16,learningTrial,B_6_set2.png,0,0,finish,,,0,0,gray
,16,learningTrial,C_5_set2.png,0,0,finish,,,0,0,gray
,16,learningTrial,D_6_set2.png,0,0,finish,,,0,0,gray
,16,learningTrial,A_5_set2.png,0,0,finish,,,0,0,gray
,16,learningTrial,B_4_set2.png,0,0,finish,,,0,0,gray
,16,learningTrial,C_3_set2.png,0,0,finish,,,0,0,gray
,16,learningTrial,D_4_set2.png,0,0,finish,,,0,0,gray
,16,learningTrial,A_3_set2.png,0,0,finish,,,0,0,gray
,16,learningTrial,B_2_set2.png,0,0,finish,,,0,0,gray
,16,learningTrial,C_3_set2.png,0,0,finish,,,0,0,gray
,16,learningTrial,D_2_set2.png,0,0,finish,,,0,0,gray
,0,PreProbeInterval,,0,0,,,,0,0,gray
,16,probeTrial,A_3_set2.png,0,0,finish,B_6_set2.png,B_4_set2.png,2,2,gray
,0,IPI,,0,0,,,,0,0,gray
,116,inferenceTrial,D_3_set2.png,0,0,finish,A_4_set2.png,A_6_set2.png,1,2,gray
,0,ITI,,1400,0,,,,0,0,gray
,17,learningTrial,A_1_set2.png,0,0,finish,,,0,0,gray
,17,learningTrial,B_2_set2.png,0,0,finish,,,0,0,gray
,17,learningTrial,C_1_set2.png,0,0,finish,,,0,0,gray
,17,learningTrial,D_2_set2.png,0,0,finish,,,0,0,gray
,17,learningTrial,A_3_set2.png,0,0,finish,,,0,0,gray
,17,learningTrial,B_2_set2.png,0,0,finish,,,0,0,gray
,17,learningTrial,C_3_set2.png,0,0,finish,,,0,0,gray
,17,learningTrial,D_2_set2.png,0,0,finish,,,0,0,gray
,17,learningTrial,A_3_set2.png,0,0,finish,,,0,0,gray
,17,learningTrial,B_4_set2.png,0,0,finish,,,0,0,gray
,17,learningTrial,C_5_set2.png,0,0,finish,,,0,0,gray
,17,learningTrial,D_4_set2.png,0,0,finish,,,0,0,gray
,0,PreProbeInterval,,0,0,,,,0,0,gray
,17,probeTrial,A_5_set2.png,0,0,finish,D_4_set2.png,B_4_set2.png,2,1,gray
,0,IPI,,0,0,,,,0,0,gray
,117,inferenceTrial,D_5_set2.png,0,0,finish,A_2_set2.png,A_6_set2.png,2,2,gray
,0,ITI,,1500,0,,,,0,0,gray
,18,learningTrial,A_5_set2.png,0,0,finish,,,0,0,gray
,18,learningTrial,B_4_set2.png,0,0,finish,,,0,0,gray
,18,learningTrial,C_5_set2.png,0,0,finish,,,0,0,gray
,18,learningTrial,D_6_set2.png,0,0,finish,,,0,0,gray
,18,learningTrial,A_5_set2.png,0,0,finish,,,0,0,gray
,18,learningTrial,B_6_set2.png,0,0,finish,,,0,0,gray
,18,learningTrial,C_5_set2.png,0,0,finish,,,0,0,gray
,18,learningTrial,D_4_set2.png,0,0,finish,,,0,0,gray
,18,learningTrial,A_3_set2.png,0,0,finish,,,0,0,gray
,18,learningTrial,B_2_set2.png,0,0,finish,,,0,0,gray
,18,learningTrial,C_3_set2.png,0,0,finish,,,0,0,gray
,18,learningTrial,D_4_set2.png,0,0,finish,,,0,0,gray
,0,PreProbeInterval,,0,0,,,,0,0,gray
,18,probeTrial,D_2_set2.png,0,0,finish,A_1_set2.png,A_5_set2.png,1,2,gray
,0,IPI,,0,0,,,,0,0,gray
,118,inferenceTrial,C_2_set2.png,0,0,finish,D_1_set2.png,B_1_set2.png,1,1,gray
,0,ITI,,1600,0,,,,0,0,gray
,19,learningTrial,A_5_set2.png,0,0,finish,,,0,0,gray
,19,learningTrial,B_4_set2.png,0,0,finish,,,0,0,gray
,19,learningTrial,C_3_set2.png,0,0,finish,,,0,0,gray
,19,learningTrial,D_2_set2.png,0,0,finish,,,0,0,gray
,19,learningTrial,A_1_set2.png,0,0,finish,,,0,0,gray
,19,learningTrial,B_2_set2.png,0,0,finish,,,0,0,gray
,19,learningTrial,C_1_set2.png,0,0,finish,,,0,0,gray
,19,learningTrial,D_2_set2.png,0,0,finish,,,0,0,gray
,19,learningTrial,A_3_set2.png,0,0,finish,,,0,0,gray
,19,learningTrial,B_4_set2.png,0,0,finish,,,0,0,gray
,19,learningTrial,C_5_set2.png,0,0,finish,,,0,0,gray
,19,learningTrial,D_4_set2.png,0,0,finish,,,0,0,gray
,0,PreProbeInterval,,0,0,,,,0,0,gray
,19,probeTrial,B_4_set2.png,0,0,finish,C_5_set2.png,C_1_set2.png,1,2,gray
,0,IPI,,0,0,,,,0,0,gray
,119,inferenceTrial,D_3_set2.png,0,0,finish,A_2_set2.png,C_2_set2.png,1,1,gray
,0,ITI,,1750,0,,,,0,0,gray
,20,learningTrial,A_5_set2.png,0,0,finish,,,0,0,gray
,20,learningTrial,B_6_set2.png,0,0,finish,,,0,0,gray
,20,learningTrial,C_5_set2.png,0,0,finish,,,0,0,gray
,20,learningTrial,D_6_set2.png,0,0,finish,,,0,0,gray
,20,learningTrial,A_5_set2.png,0,0,finish,,,0,0,gray
,20,learningTrial,B_4_set2.png,0,0,finish,,,0,0,gray
,20,learningTrial,C_3_set2.png,0,0,finish,,,0,0,gray
,20,learningTrial,D_4_set2.png,0,0,finish,,,0,0,gray
,20,learningTrial,A_3_set2.png,0,0,finish,,,0,0,gray
,20,learningTrial,B_2_set2.png,0,0,finish,,,0,0,gray
,20,learningTrial,C_3_set2.png,0,0,finish,,,0,0,gray
,20,learningTrial,D_2_set2.png,0,0,finish,,,0,0,gray
,0,PreProbeInterval,,0,0,,,,0,0,gray
,20,probeTrial,D_6_set2.png,0,0,finish,A_5_set2.png,C_5_set2.png,1,1,gray
,0,IPI,,0,0,,,,0,0,gray
,120,inferenceTrial,B_1_set2.png,0,0,finish,C_4_set2.png,C_2_set2.png,2,2,gray
,0,ITI,,1150,0,,,,0,0,gray
,21,learningTrial,A_1_set2.png,0,0,finish,,,0,0,gray
,21,learningTrial,B_2_set2.png,0,0,finish,,,0,0,gray
,21,learningTrial,C_1_set2.png,0,0,finish,,,0,0,gray
,21,learningTrial,D_2_set2.png,0,0,finish,,,0,0,gray
,21,learningTrial,A_3_set2.png,0,0,finish,,,0,0,gray
,21,learningTrial,B_2_set2.png,0,0,finish,,,0,0,gray
,21,learningTrial,C_3_set2.png,0,0,finish,,,0,0,gray
,21,learningTrial,D_2_set2.png,0,0,finish,,,0,0,gray
,21,learningTrial,A_3_set2.png,0,0,finish,,,0,0,gray
,21,learningTrial,B_4_set2.png,0,0,finish,,,0,0,gray
,21,learningTrial,C_5_set2.png,0,0,finish,,,0,0,gray
,21,learningTrial,D_4_set2.png,0,0,finish,,,0,0,gray
,0,PreProbeInterval,,0,0,,,,0,0,gray
,21,probeTrial,A_1_set2.png,0,0,finish,D_2_set2.png,B_2_set2.png,2,1,gray
,0,IPI,,0,0,,,,0,0,gray
,121,inferenceTrial,C_2_set2.png,0,0,finish,D_5_set2.png,D_3_set2.png,2,2,gray
,0,ITI,,1700,0,,,,0,0,gray
,22,learningTrial,A_5_set2.png,0,0,finish,,,0,0,gray
,22,learningTrial,B_4_set2.png,0,0,finish,,,0,0,gray
,22,learningTrial,C_5_set2.png,0,0,finish,,,0,0,gray
,22,learningTrial,D_6_set2.png,0,0,finish,,,0,0,gray
,22,learningTrial,A_5_set2.png,0,0,finish,,,0,0,gray
,22,learningTrial,B_6_set2.png,0,0,finish,,,0,0,gray
,22,learningTrial,C_5_set2.png,0,0,finish,,,0,0,gray
,22,learningTrial,D_4_set2.png,0,0,finish,,,0,0,gray
,22,learningTrial,A_3_set2.png,0,0,finish,,,0,0,gray
,22,learningTrial,B_2_set2.png,0,0,finish,,,0,0,gray
,22,learningTrial,C_3_set2.png,0,0,finish,,,0,0,gray
,22,learningTrial,D_4_set2.png,0,0,finish,,,0,0,gray
,0,PreProbeInterval,,0,0,,,,0,0,gray
,22,probeTrial,D_4_set2.png,0,0,finish,A_3_set2.png,A_1_set2.png,1,2,gray
,0,IPI,,0,0,,,,0,0,gray
,122,inferenceTrial,D_1_set2.png,0,0,finish,C_2_set2.png,A_2_set2.png,2,1,gray
,0,ITI,,1050,0,,,,0,0,gray
,23,learningTrial,A_5_set2.png,0,0,finish,,,0,0,gray
,23,learningTrial,B_4_set2.png,0,0,finish,,,0,0,gray
,23,learningTrial,C_3_set2.png,0,0,finish,,,0,0,gray
,23,learningTrial,D_2_set2.png,0,0,finish,,,0,0,gray
,23,learningTrial,A_1_set2.png,0,0,finish,,,0,0,gray
,23,learningTrial,B_2_set2.png,0,0,finish,,,0,0,gray
,23,learningTrial,C_1_set2.png,0,0,finish,,,0,0,gray
,23,learningTrial,D_2_set2.png,0,0,finish,,,0,0,gray
,23,learningTrial,A_3_set2.png,0,0,finish,,,0,0,gray
,23,learningTrial,B_4_set2.png,0,0,finish,,,0,0,gray
,23,learningTrial,C_5_set2.png,0,0,finish,,,0,0,gray
,23,learningTrial,D_4_set2.png,0,0,finish,,,0,0,gray
,0,PreProbeInterval,,0,0,,,,0,0,gray
,23,probeTrial,B_2_set2.png,0,0,finish,C_5_set2.png,C_3_set2.png,2,2,gray
,0,IPI,,0,0,,,,0,0,gray
,123,inferenceTrial,A_4_set2.png,0,0,finish,B_5_set2.png,D_5_set2.png,1,1,gray
,0,ITI,,1500,0,,,,0,0,gray
,24,learningTrial,A_5_set2.png,0,0,finish,,,0,0,gray
,24,learningTrial,B_6_set2.png,0,0,finish,,,0,0,gray
,24,learningTrial,C_5_set2.png,0,0,finish,,,0,0,gray
,24,learningTrial,D_6_set2.png,0,0,finish,,,0,0,gray
,24,learningTrial,A_5_set2.png,0,0,finish,,,0,0,gray
,24,learningTrial,B_4_set2.png,0,0,finish,,,0,0,gray
,24,learningTrial,C_3_set2.png,0,0,finish,,,0,0,gray
,24,learningTrial,D_4_set2.png,0,0,finish,,,0,0,gray
,24,learningTrial,A_3_set2.png,0,0,finish,,,0,0,gray
,24,learningTrial,B_2_set2.png,0,0,finish,,,0,0,gray
,24,learningTrial,C_3_set2.png,0,0,finish,,,0,0,gray
,24,learningTrial,D_2_set2.png,0,0,finish,,,0,0,gray
,0,PreProbeInterval,,0,0,,,,0,0,gray
,24,probeTrial,C_1_set2.png,0,0,finish,B_2_set2.png,D_2_set2.png,2,1,gray
,0,IPI,,0,0,,,,0,0,gray
,124,inferenceTrial,A_4_set2.png,0,0,finish,B_3_set2.png,B_1_set2.png,1,2,gray
,0,ITI,,1600,0,,,,0,0,gray
,0,Pause,,0,30000,,,,0,0,gray
,25,learningTrial,A_1_set2.png,0,0,finish,,,0,0,gray
,25,learningTrial,B_2_set2.png,0,0,finish,,,0,0,gray
,25,learningTrial,C_1_set2.png,0,0,finish,,,0,0,gray
,25,learningTrial,D_2_set2.png,0,0,finish,,,0,0,gray
,25,learningTrial,A_3_set2.png,0,0,finish,,,0,0,gray
,25,learningTrial,B_2_set2.png,0,0,finish,,,0,0,gray
,25,learningTrial,C_3_set2.png,0,0,finish,,,0,0,gray
,25,learningTrial,D_2_set2.png,0,0,finish,,,0,0,gray
,25,learningTrial,A_3_set2.png,0,0,finish,,,0,0,gray
,25,learningTrial,B_4_set2.png,0,0,finish,,,0,0,gray
,25,learningTrial,C_5_set2.png,0,0,finish,,,0,0,gray
,25,learningTrial,D_4_set2.png,0,0,finish,,,0,0,gray
,0,PreProbeInterval,,0,0,,,,0,0,gray
,25,probeTrial,A_1_set2.png,0,0,finish,B_4_set2.png,B_2_set2.png,2,2,gray
,0,IPI,,0,0,,,,0,0,gray
,125,inferenceTrial,C_4_set2.png,0,0,finish,D_1_set2.png,D_5_set2.png,2,2,gray
,0,ITI,,1150,0,,,,0,0,gray
,26,learningTrial,A_5_set2.png,0,0,finish,,,0,0,gray
,26,learningTrial,B_4_set2.png,0,0,finish,,,0,0,gray
,26,learningTrial,C_5_set2.png,0,0,finish,,,0,0,gray
,26,learningTrial,D_6_set2.png,0,0,finish,,,0,0,gray
,26,learningTrial,A_5_set2.png,0,0,finish,,,0,0,gray
,26,learningTrial,B_6_set2.png,0,0,finish,,,0,0,gray
,26,learningTrial,C_5_set2.png,0,0,finish,,,0,0,gray
,26,learningTrial,D_4_set2.png,0,0,finish,,,0,0,gray
,26,learningTrial,A_3_set2.png,0,0,finish,,,0,0,gray
,26,learningTrial,B_2_set2.png,0,0,finish,,,0,0,gray
,26,learningTrial,C_3_set2.png,0,0,finish,,,0,0,gray
,26,learningTrial,D_4_set2.png,0,0,finish,,,0,0,gray
,0,PreProbeInterval,,0,0,,,,0,0,gray
,26,probeTrial,D_6_set2.png,0,0,finish,A_3_set2.png,A_5_set2.png,2,2,gray
,0,IPI,,0,0,,,,0,0,gray
,126,inferenceTrial,C_6_set2.png,0,0,finish,B_5_set2.png,D_5_set2.png,2,1,gray
,0,ITI,,1100,0,,,,0,0,gray
,27,learningTrial,A_5_set2.png,0,0,finish,,,0,0,gray
,27,learningTrial,B_4_set2.png,0,0,finish,,,0,0,gray
,27,learningTrial,C_3_set2.png,0,0,finish,,,0,0,gray
,27,learningTrial,D_2_set2.png,0,0,finish,,,0,0,gray
,27,learningTrial,A_1_set2.png,0,0,finish,,,0,0,gray
,27,learningTrial,B_2_set2.png,0,0,finish,,,0,0,gray
,27,learningTrial,C_1_set2.png,0,0,finish,,,0,0,gray
,27,learningTrial,D_2_set2.png,0,0,finish,,,0,0,gray
,27,learningTrial,A_3_set2.png,0,0,finish,,,0,0,gray
,27,learningTrial,B_4_set2.png,0,0,finish,,,0,0,gray
,27,learningTrial,C_5_set2.png,0,0,finish,,,0,0,gray
,27,learningTrial,D_4_set2.png,0,0,finish,,,0,0,gray
,0,PreProbeInterval,,0,0,,,,0,0,gray
,27,probeTrial,D_4_set2.png,0,0,finish,A_5_set2.png,C_5_set2.png,1,1,gray
,0,IPI,,0,0,,,,0,0,gray
,127,inferenceTrial,B_3_set2.png,0,0,finish,A_4_set2.png,C_4_set2.png,2,1,gray
,0,ITI,,1450,0,,,,0,0,gray
,28,learningTrial,A_5_set2.png,0,0,finish,,,0,0,gray
,28,learningTrial,B_6_set2.png,0,0,finish,,,0,0,gray
,28,learningTrial,C_5_set2.png,0,0,finish,,,0,0,gray
,28,learningTrial,D_6_set2.png,0,0,finish,,,0,0,gray
,28,learningTrial,A_5_set2.png,0,0,finish,,,0,0,gray
,28,learningTrial,B_4_set2.png,0,0,finish,,,0,0,gray
,28,learningTrial,C_3_set2.png,0,0,finish,,,0,0,gray
,28,learningTrial,D_4_set2.png,0,0,finish,,,0,0,gray
,28,learningTrial,A_3_set2.png,0,0,finish,,,0,0,gray
,28,learningTrial,B_2_set2.png,0,0,finish,,,0,0,gray
,28,learningTrial,C_3_set2.png,0,0,finish,,,0,0,gray
,28,learningTrial,D_2_set2.png,0,0,finish,,,0,0,gray
,0,PreProbeInterval,,0,0,,,,0,0,gray
,28,probeTrial,A_3_set2.png,0,0,finish,B_2_set2.png,D_2_set2.png,1,1,gray
,0,IPI,,0,0,,,,0,0,gray
,128,inferenceTrial,C_2_set2.png,0,0,finish,D_3_set2.png,D_5_set2.png,1,2,gray
,0,ITI,,1300,0,,,,0,0,gray
,29,learningTrial,A_1_set2.png,0,0,finish,,,0,0,gray
,29,learningTrial,B_2_set2.png,0,0,finish,,,0,0,gray
,29,learningTrial,C_1_set2.png,0,0,finish,,,0,0,gray
,29,learningTrial,D_2_set2.png,0,0,finish,,,0,0,gray
,29,learningTrial,A_3_set2.png,0,0,finish,,,0,0,gray
,29,learningTrial,B_2_set2.png,0,0,finish,,,0,0,gray
,29,learningTrial,C_3_set2.png,0,0,finish,,,0,0,gray
,29,learningTrial,D_2_set2.png,0,0,finish,,,0,0,gray
,29,learningTrial,A_3_set2.png,0,0,finish,,,0,0,gray
,29,learningTrial,B_4_set2.png,0,0,finish,,,0,0,gray
,29,learningTrial,C_5_set2.png,0,0,finish,,,0,0,gray
,29,learningTrial,D_4_set2.png,0,0,finish,,,0,0,gray
,0,PreProbeInterval,,0,0,,,,0,0,gray
,29,probeTrial,C_5_set2.png,0,0,finish,B_6_set2.png,D_6_set2.png,2,1,gray
,0,IPI,,0,0,,,,0,0,gray
,129,inferenceTrial,D_1_set2.png,0,0,finish,A_2_set2.png,C_2_set2.png,1,1,gray
,0,ITI,,1750,0,,,,0,0,gray
,30,learningTrial,A_5_set2.png,0,0,finish,,,0,0,gray
,30,learningTrial,B_4_set2.png,0,0,finish,,,0,0,gray
,30,learningTrial,C_5_set2.png,0,0,finish,,,0,0,gray
,30,learningTrial,D_6_set2.png,0,0,finish,,,0,0,gray
,30,learningTrial,A_5_set2.png,0,0,finish,,,0,0,gray
,30,learningTrial,B_6_set2.png,0,0,finish,,,0,0,gray
,30,learningTrial,C_5_set2.png,0,0,finish,,,0,0,gray
,30,learningTrial,D_4_set2.png,0,0,finish,,,0,0,gray
,30,learningTrial,A_3_set2.png,0,0,finish,,,0,0,gray
,30,learningTrial,B_2_set2.png,0,0,finish,,,0,0,gray
,30,learningTrial,C_3_set2.png,0,0,finish,,,0,0,gray
,30,learningTrial,D_4_set2.png,0,0,finish,,,0,0,gray
,0,PreProbeInterval,,0,0,,,,0,0,gray
,30,probeTrial,C_1_set2.png,0,0,finish,D_4_set2.png,D_2_set2.png,2,2,gray
,0,IPI,,0,0,,,,0,0,gray
,130,inferenceTrial,C_2_set2.png,0,0,finish,B_1_set2.png,D_1_set2.png,2,1,gray
,0,ITI,,1550,0,,,,0,0,gray
,31,learningTrial,A_5_set2.png,0,0,finish,,,0,0,gray
,31,learningTrial,B_4_set2.png,0,0,finish,,,0,0,gray
,31,learningTrial,C_3_set2.png,0,0,finish,,,0,0,gray
,31,learningTrial,D_2_set2.png,0,0,finish,,,0,0,gray
,31,learningTrial,A_1_set2.png,0,0,finish,,,0,0,gray
,31,learningTrial,B_2_set2.png,0,0,finish,,,0,0,gray
,31,learningTrial,C_1_set2.png,0,0,finish,,,0,0,gray
,31,learningTrial,D_2_set2.png,0,0,finish,,,0,0,gray
,31,learningTrial,A_3_set2.png,0,0,finish,,,0,0,gray
,31,learningTrial,B_4_set2.png,0,0,finish,,,0,0,gray
,31,learningTrial,C_5_set2.png,0,0,finish,,,0,0,gray
,31,learningTrial,D_4_set2.png,0,0,finish,,,0,0,gray
,0,PreProbeInterval,,0,0,,,,0,0,gray
,31,probeTrial,D_6_set2.png,0,0,finish,C_5_set2.png,A_5_set2.png,2,1,gray
,0,IPI,,0,0,,,,0,0,gray
,131,inferenceTrial,C_6_set2.png,0,0,finish,D_5_set2.png,D_3_set2.png,1,2,gray
,0,ITI,,1200,0,,,,0,0,gray
,32,learningTrial,A_5_set2.png,0,0,finish,,,0,0,gray
,32,learningTrial,B_6_set2.png,0,0,finish,,,0,0,gray
,32,learningTrial,C_5_set2.png,0,0,finish,,,0,0,gray
,32,learningTrial,D_6_set2.png,0,0,finish,,,0,0,gray
,32,learningTrial,A_5_set2.png,0,0,finish,,,0,0,gray
,32,learningTrial,B_4_set2.png,0,0,finish,,,0,0,gray
,32,learningTrial,C_3_set2.png,0,0,finish,,,0,0,gray
,32,learningTrial,D_4_set2.png,0,0,finish,,,0,0,gray
,32,learningTrial,A_3_set2.png,0,0,finish,,,0,0,gray
,32,learningTrial,B_2_set2.png,0,0,finish,,,0,0,gray
,32,learningTrial,C_3_set2.png,0,0,finish,,,0,0,gray
,32,learningTrial,D_2_set2.png,0,0,finish,,,0,0,gray
,0,PreProbeInterval,,0,0,,,,0,0,gray
,32,probeTrial,A_1_set2.png,0,0,finish,B_2_set2.png,B_4_set2.png,1,2,gray
,0,IPI,,0,0,,,,0,0,gray
,132,inferenceTrial,C_4_set2.png,0,0,finish,D_5_set2.png,D_1_set2.png,1,2,gray
,0,ITI,,1250,0,,,,0,0,gray
,33,learningTrial,A_1_set2.png,0,0,finish,,,0,0,gray
,33,learningTrial,B_2_set2.png,0,0,finish,,,0,0,gray
,33,learningTrial,C_1_set2.png,0,0,finish,,,0,0,gray
,33,learningTrial,D_2_set2.png,0,0,finish,,,0,0,gray
,33,learningTrial,A_3_set2.png,0,0,finish,,,0,0,gray
,33,learningTrial,B_2_set2.png,0,0,finish,,,0,0,gray
,33,learningTrial,C_3_set2.png,0,0,finish,,,0,0,gray
,33,learningTrial,D_2_set2.png,0,0,finish,,,0,0,gray
,33,learningTrial,A_3_set2.png,0,0,finish,,,0,0,gray
,33,learningTrial,B_4_set2.png,0,0,finish,,,0,0,gray
,33,learningTrial,C_5_set2.png,0,0,finish,,,0,0,gray
,33,learningTrial,D_4_set2.png,0,0,finish,,,0,0,gray
,0,PreProbeInterval,,0,0,,,,0,0,gray
,33,probeTrial,D_2_set2.png,0,0,finish,A_3_set2.png,C_3_set2.png,1,1,gray
,0,IPI,,0,0,,,,0,0,gray
,133,inferenceTrial,A_2_set2.png,0,0,finish,B_1_set2.png,B_5_set2.png,1,2,gray
,0,ITI,,1400,0,,,,0,0,gray
,34,learningTrial,A_5_set2.png,0,0,finish,,,0,0,gray
,34,learningTrial,B_4_set2.png,0,0,finish,,,0,0,gray
,34,learningTrial,C_5_set2.png,0,0,finish,,,0,0,gray
,34,learningTrial,D_6_set2.png,0,0,finish,,,0,0,gray
,34,learningTrial,A_5_set2.png,0,0,finish,,,0,0,gray
,34,learningTrial,B_6_set2.png,0,0,finish,,,0,0,gray
,34,learningTrial,C_5_set2.png,0,0,finish,,,0,0,gray
,34,learningTrial,D_4_set2.png,0,0,finish,,,0,0,gray
,34,learningTrial,A_3_set2.png,0,0,finish,,,0,0,gray
,34,learningTrial,B_2_set2.png,0,0,finish,,,0,0,gray
,34,learningTrial,C_3_set2.png,0,0,finish,,,0,0,gray
,34,learningTrial,D_4_set2.png,0,0,finish,,,0,0,gray
,0,PreProbeInterval,,0,0,,,,0,0,gray
,34,probeTrial,A_3_set2.png,0,0,finish,B_4_set2.png,B_6_set2.png,1,2,gray
,0,IPI,,0,0,,,,0,0,gray
,134,inferenceTrial,D_5_set2.png,0,0,finish,A_4_set2.png,C_4_set2.png,1,1,gray
,0,ITI,,1050,0,,,,0,0,gray
,35,learningTrial,A_5_set2.png,0,0,finish,,,0,0,gray
,35,learningTrial,B_4_set2.png,0,0,finish,,,0,0,gray
,35,learningTrial,C_3_set2.png,0,0,finish,,,0,0,gray
,35,learningTrial,D_2_set2.png,0,0,finish,,,0,0,gray
,35,learningTrial,A_1_set2.png,0,0,finish,,,0,0,gray
,35,learningTrial,B_2_set2.png,0,0,finish,,,0,0,gray
,35,learningTrial,C_1_set2.png,0,0,finish,,,0,0,gray
,35,learningTrial,D_2_set2.png,0,0,finish,,,0,0,gray
,35,learningTrial,A_3_set2.png,0,0,finish,,,0,0,gray
,35,learningTrial,B_4_set2.png,0,0,finish,,,0,0,gray
,35,learningTrial,C_5_set2.png,0,0,finish,,,0,0,gray
,35,learningTrial,D_4_set2.png,0,0,finish,,,0,0,gray
,0,PreProbeInterval,,0,0,,,,0,0,gray
,35,probeTrial,B_2_set2.png,0,0,finish,A_1_set2.png,C_1_set2.png,2,1,gray
,0,IPI,,0,0,,,,0,0,gray
,135,inferenceTrial,D_3_set2.png,0,0,finish,A_2_set2.png,C_2_set2.png,1,1,gray
,0,ITI,,1250,0,,,,0,0,gray
,36,learningTrial,A_5_set2.png,0,0,finish,,,0,0,gray
,36,learningTrial,B_6_set2.png,0,0,finish,,,0,0,gray
,36,learningTrial,C_5_set2.png,0,0,finish,,,0,0,gray
,36,learningTrial,D_6_set2.png,0,0,finish,,,0,0,gray
,36,learningTrial,A_5_set2.png,0,0,finish,,,0,0,gray
,36,learningTrial,B_4_set2.png,0,0,finish,,,0,0,gray
,36,learningTrial,C_3_set2.png,0,0,finish,,,0,0,gray
,36,learningTrial,D_4_set2.png,0,0,finish,,,0,0,gray
,36,learningTrial,A_3_set2.png,0,0,finish,,,0,0,gray
,36,learningTrial,B_2_set2.png,0,0,finish,,,0,0,gray
,36,learningTrial,C_3_set2.png,0,0,finish,,,0,0,gray
,36,learningTrial,D_2_set2.png,0,0,finish,,,0,0,gray
,0,PreProbeInterval,,0,0,,,,0,0,gray
,36,probeTrial,B_4_set2.png,0,0,finish,C_1_set2.png,C_5_set2.png,2,2,gray
,0,IPI,,0,0,,,,0,0,gray
,136,inferenceTrial,D_1_set2.png,0,0,finish,A_4_set2.png,A_2_set2.png,2,2,gray
,0,ITI,,1750,0,,,,0,0,gray
,0,Pause,,0,30000,,,,0,0,gray
,37,learningTrial,A_1_set2.png,0,0,finish,,,0,0,gray
,37,learningTrial,B_2_set2.png,0,0,finish,,,0,0,gray
,37,learningTrial,C_1_set2.png,0,0,finish,,,0,0,gray
,37,learningTrial,D_2_set2.png,0,0,finish,,,0,0,gray
,37,learningTrial,A_3_set2.png,0,0,finish,,,0,0,gray
,37,learningTrial,B_2_set2.png,0,0,finish,,,0,0,gray
,37,learningTrial,C_3_set2.png,0,0,finish,,,0,0,gray
,37,learningTrial,D_2_set2.png,0,0,finish,,,0,0,gray
,37,learningTrial,A_3_set2.png,0,0,finish,,,0,0,gray
,37,learningTrial,B_4_set2.png,0,0,finish,,,0,0,gray
,37,learningTrial,C_5_set2.png,0,0,finish,,,0,0,gray
,37,learningTrial,D_4_set2.png,0,0,finish,,,0,0,gray
,0,PreProbeInterval,,0,0,,,,0,0,gray
,37,probeTrial,D_2_set2.png,0,0,finish,A_5_set2.png,A_1_set2.png,2,2,gray
,0,IPI,,0,0,,,,0,0,gray
,137,inferenceTrial,B_5_set2.png,0,0,finish,C_2_set2.png,C_4_set2.png,2,2,gray
,0,ITI,,1600,0,,,,0,0,gray
,38,learningTrial,A_5_set2.png,0,0,finish,,,0,0,gray
,38,learningTrial,B_4_set2.png,0,0,finish,,,0,0,gray
,38,learningTrial,C_5_set2.png,0,0,finish,,,0,0,gray
,38,learningTrial,D_6_set2.png,0,0,finish,,,0,0,gray
,38,learningTrial,A_5_set2.png,0,0,finish,,,0,0,gray
,38,learningTrial,B_6_set2.png,0,0,finish,,,0,0,gray
,38,learningTrial,C_5_set2.png,0,0,finish,,,0,0,gray
,38,learningTrial,D_4_set2.png,0,0,finish,,,0,0,gray
,38,learningTrial,A_3_set2.png,0,0,finish,,,0,0,gray
,38,learningTrial,B_2_set2.png,0,0,finish,,,0,0,gray
,38,learningTrial,C_3_set2.png,0,0,finish,,,0,0,gray
,38,learningTrial,D_4_set2.png,0,0,finish,,,0,0,gray
,0,PreProbeInterval,,0,0,,,,0,0,gray
,38,probeTrial,B_4_set2.png,0,0,finish,A_3_set2.png,C_3_set2.png,2,1,gray
,0,IPI,,0,0,,,,0,0,gray
,138,inferenceTrial,B_1_set2.png,0,0,finish,A_2_set2.png,C_2_set2.png,2,1,gray
,0,ITI,,1050,0,,,,0,0,gray
,39,learningTrial,A_5_set2.png,0,0,finish,,,0,0,gray
,39,learningTrial,B_4_set2.png,0,0,finish,,,0,0,gray
,39,learningTrial,C_3_set2.png,0,0,finish,,,0,0,gray
,39,learningTrial,D_2_set2.png,0,0,finish,,,0,0,gray
,39,learningTrial,A_1_set2.png,0,0,finish,,,0,0,gray
,39,learningTrial,B_2_set2.png,0,0,finish,,,0,0,gray
,39,learningTrial,C_1_set2.png,0,0,finish,,,0,0,gray
,39,learningTrial,D_2_set2.png,0,0,finish,,,0,0,gray
,39,learningTrial,A_3_set2.png,0,0,finish,,,0,0,gray
,39,learningTrial,B_4_set2.png,0,0,finish,,,0,0,gray
,39,learningTrial,C_5_set2.png,0,0,finish,,,0,0,gray
,39,learningTrial,D_4_set2.png,0,0,finish,,,0,0,gray
,0,PreProbeInterval,,0,0,,,,0,0,gray
,39,probeTrial,C_1_set2.png,0,0,finish,D_2_set2.png,D_4_set2.png,1,2,gray
,0,IPI,,0,0,,,,0,0,gray
,139,inferenceTrial,B_1_set2.png,0,0,finish,C_4_set2.png,C_2_set2.png,2,2,gray
,0,ITI,,1100,0,,,,0,0,gray
,40,learningTrial,A_5_set2.png,0,0,finish,,,0,0,gray
,40,learningTrial,B_6_set2.png,0,0,finish,,,0,0,gray
,40,learningTrial,C_5_set2.png,0,0,finish,,,0,0,gray
,40,learningTrial,D_6_set2.png,0,0,finish,,,0,0,gray
,40,learningTrial,A_5_set2.png,0,0,finish,,,0,0,gray
,40,learningTrial,B_4_set2.png,0,0,finish,,,0,0,gray
,40,learningTrial,C_3_set2.png,0,0,finish,,,0,0,gray
,40,learningTrial,D_4_set2.png,0,0,finish,,,0,0,gray
,40,learningTrial,A_3_set2.png,0,0,finish,,,0,0,gray
,40,learningTrial,B_2_set2.png,0,0,finish,,,0,0,gray
,40,learningTrial,C_3_set2.png,0,0,finish,,,0,0,gray
,40,learningTrial,D_2_set2.png,0,0,finish,,,0,0,gray
,0,PreProbeInterval,,0,0,,,,0,0,gray
,40,probeTrial,D_2_set2.png,0,0,finish,C_3_set2.png,A_3_set2.png,2,1,gray
,0,IPI,,0,0,,,,0,0,gray
,140,inferenceTrial,A_6_set2.png,0,0,finish,D_5_set2.png,B_5_set2.png,2,1,gray
,0,ITI,,1150,0,,,,0,0,gray
,41,learningTrial,A_1_set2.png,0,0,finish,,,0,0,gray
,41,learningTrial,B_2_set2.png,0,0,finish,,,0,0,gray
,41,learningTrial,C_1_set2.png,0,0,finish,,,0,0,gray
,41,learningTrial,D_2_set2.png,0,0,finish,,,0,0,gray
,41,learningTrial,A_3_set2.png,0,0,finish,,,0,0,gray
,41,learningTrial,B_2_set2.png,0,0,finish,,,0,0,gray
,41,learningTrial,C_3_set2.png,0,0,finish,,,0,0,gray
,41,learningTrial,D_2_set2.png,0,0,finish,,,0,0,gray
,41,learningTrial,A_3_set2.png,0,0,finish,,,0,0,gray
,41,learningTrial,B_4_set2.png,0,0,finish,,,0,0,gray
,41,learningTrial,C_5_set2.png,0,0,finish,,,0,0,gray
,41,learningTrial,D_4_set2.png,0,0,finish,,,0,0,gray
,0,PreProbeInterval,,0,0,,,,0,0,gray
,41,probeTrial,C_5_set2.png,0,0,finish,D_2_set2.png,D_4_set2.png,2,2,gray
,0,IPI,,0,0,,,,0,0,gray
,141,inferenceTrial,A_6_set2.png,0,0,finish,B_3_set2.png,B_5_set2.png,2,2,gray
,0,ITI,,1800,0,,,,0,0,gray
,42,learningTrial,A_5_set2.png,0,0,finish,,,0,0,gray
,42,learningTrial,B_4_set2.png,0,0,finish,,,0,0,gray
,42,learningTrial,C_5_set2.png,0,0,finish,,,0,0,gray
,42,learningTrial,D_6_set2.png,0,0,finish,,,0,0,gray
,42,learningTrial,A_5_set2.png,0,0,finish,,,0,0,gray
,42,learningTrial,B_6_set2.png,0,0,finish,,,0,0,gray
,42,learningTrial,C_5_set2.png,0,0,finish,,,0,0,gray
,42,learningTrial,D_4_set2.png,0,0,finish,,,0,0,gray
,42,learningTrial,A_3_set2.png,0,0,finish,,,0,0,gray
,42,learningTrial,B_2_set2.png,0,0,finish,,,0,0,gray
,42,learningTrial,C_3_set2.png,0,0,finish,,,0,0,gray
,42,learningTrial,D_4_set2.png,0,0,finish,,,0,0,gray
,0,PreProbeInterval,,0,0,,,,0,0,gray
,42,probeTrial,B_2_set2.png,0,0,finish,C_1_set2.png,A_1_set2.png,1,1,gray
,0,IPI,,0,0,,,,0,0,gray
,142,inferenceTrial,C_6_set2.png,0,0,finish,D_3_set2.png,D_5_set2.png,2,2,gray
,0,ITI,,1100,0,,,,0,0,gray
,43,learningTrial,A_5_set2.png,0,0,finish,,,0,0,gray
,43,learningTrial,B_4_set2.png,0,0,finish,,,0,0,gray
,43,learningTrial,C_3_set2.png,0,0,finish,,,0,0,gray
,43,learningTrial,D_2_set2.png,0,0,finish,,,0,0,gray
,43,learningTrial,A_1_set2.png,0,0,finish,,,0,0,gray
,43,learningTrial,B_2_set2.png,0,0,finish,,,0,0,gray
,43,learningTrial,C_1_set2.png,0,0,finish,,,0,0,gray
,43,learningTrial,D_2_set2.png,0,0,finish,,,0,0,gray
,43,learningTrial,A_3_set2.png,0,0,finish,,,0,0,gray
,43,learningTrial,B_4_set2.png,0,0,finish,,,0,0,gray
,43,learningTrial,C_5_set2.png,0,0,finish,,,0,0,gray
,43,learningTrial,D_4_set2.png,0,0,finish,,,0,0,gray
,0,PreProbeInterval,,0,0,,,,0,0,gray
,43,probeTrial,D_4_set2.png,0,0,finish,A_1_set2.png,A_3_set2.png,2,2,gray
,0,IPI,,0,0,,,,0,0,gray
,143,inferenceTrial,C_4_set2.png,0,0,finish,D_3_set2.png,B_3_set2.png,1,1,gray
,0,ITI,,1300,0,,,,0,0,gray
,44,learningTrial,A_5_set2.png,0,0,finish,,,0,0,gray
,44,learningTrial,B_6_set2.png,0,0,finish,,,0,0,gray
,44,learningTrial,C_5_set2.png,0,0,finish,,,0,0,gray
,44,learningTrial,D_6_set2.png,0,0,finish,,,0,0,gray
,44,learningTrial,A_5_set2.png,0,0,finish,,,0,0,gray
,44,learningTrial,B_4_set2.png,0,0,finish,,,0,0,gray
,44,learningTrial,C_3_set2.png,0,0,finish,,,0,0,gray
,44,learningTrial,D_4_set2.png,0,0,finish,,,0,0,gray
,44,learningTrial,A_3_set2.png,0,0,finish,,,0,0,gray
,44,learningTrial,B_2_set2.png,0,0,finish,,,0,0,gray
,44,learningTrial,C_3_set2.png,0,0,finish,,,0,0,gray
,44,learningTrial,D_2_set2.png,0,0,finish,,,0,0,gray
,0,PreProbeInterval,,0,0,,,,0,0,gray
,44,probeTrial,A_1_set2.png,0,0,finish,D_2_set2.png,B_2_set2.png,2,1,gray
,0,IPI,,0,0,,,,0,0,gray
,144,inferenceTrial,A_6_set2.png,0,0,finish,B_5_set2.png,D_5_set2.png,1,1,gray
,0,ITI,,1350,0,,,,0,0,gray
,45,learningTrial,A_1_set2.png,0,0,finish,,,0,0,gray
,45,learningTrial,B_2_set2.png,0,0,finish,,,0,0,gray
,45,learningTrial,C_1_set2.png,0,0,finish,,,0,0,gray
,45,learningTrial,D_2_set2.png,0,0,finish,,,0,0,gray
,45,learningTrial,A_3_set2.png,0,0,finish,,,0,0,gray
,45,learningTrial,B_2_set2.png,0,0,finish,,,0,0,gray
,45,learningTrial,C_3_set2.png,0,0,finish,,,0,0,gray
,45,learningTrial,D_2_set2.png,0,0,finish,,,0,0,gray
,45,learningTrial,A_3_set2.png,0,0,finish,,,0,0,gray
,45,learningTrial,B_4_set2.png,0,0,finish,,,0,0,gray
,45,learningTrial,C_5_set2.png,0,0,finish,,,0,0,gray
,45,learningTrial,D_4_set2.png,0,0,finish,,,0,0,gray
,0,PreProbeInterval,,0,0,,,,0,0,gray
,45,probeTrial,A_3_set2.png,0,0,finish,B_2_set2.png,D_2_set2.png,1,1,gray
,0,IPI,,0,0,,,,0,0,gray
,145,inferenceTrial,B_5_set2.png,0,0,finish,C_6_set2.png,A_6_set2.png,1,1,gray
,0,ITI,,1650,0,,,,0,0,gray
,46,learningTrial,A_5_set2.png,0,0,finish,,,0,0,gray
,46,learningTrial,B_4_set2.png,0,0,finish,,,0,0,gray
,46,learningTrial,C_5_set2.png,0,0,finish,,,0,0,gray
,46,learningTrial,D_6_set2.png,0,0,finish,,,0,0,gray
,46,learningTrial,A_5_set2.png,0,0,finish,,,0,0,gray
,46,learningTrial,B_6_set2.png,0,0,finish,,,0,0,gray
,46,learningTrial,C_5_set2.png,0,0,finish,,,0,0,gray
,46,learningTrial,D_4_set2.png,0,0,finish,,,0,0,gray
,46,learningTrial,A_3_set2.png,0,0,finish,,,0,0,gray
,46,learningTrial,B_2_set2.png,0,0,finish,,,0,0,gray
,46,learningTrial,C_3_set2.png,0,0,finish,,,0,0,gray
,46,learningTrial,D_4_set2.png,0,0,finish,,,0,0,gray
,0,PreProbeInterval,,0,0,,,,0,0,gray
,46,probeTrial,B_6_set2.png,0,0,finish,C_5_set2.png,C_3_set2.png,1,2,gray
,0,IPI,,0,0,,,,0,0,gray
,146,inferenceTrial,D_1_set2.png,0,0,finish,A_4_set2.png,A_2_set2.png,2,2,gray
,0,ITI,,1750,0,,,,0,0,gray
,47,learningTrial,A_5_set2.png,0,0,finish,,,0,0,gray
,47,learningTrial,B_4_set2.png,0,0,finish,,,0,0,gray
,47,learningTrial,C_3_set2.png,0,0,finish,,,0,0,gray
,47,learningTrial,D_2_set2.png,0,0,finish,,,0,0,gray
,47,learningTrial,A_1_set2.png,0,0,finish,,,0,0,gray
,47,learningTrial,B_2_set2.png,0,0,finish,,,0,0,gray
,47,learningTrial,C_1_set2.png,0,0,finish,,,0,0,gray
,47,learningTrial,D_2_set2.png,0,0,finish,,,0,0,gray
,47,learningTrial,A_3_set2.png,0,0,finish,,,0,0,gray
,47,learningTrial,B_4_set2.png,0,0,finish,,,0,0,gray
,47,learningTrial,C_5_set2.png,0,0,finish,,,0,0,gray
,47,learningTrial,D_4_set2.png,0,0,finish,,,0,0,gray
,0,PreProbeInterval,,0,0,,,,0,0,gray
,47,probeTrial,C_5_set2.png,0,0,finish,D_6_set2.png,B_6_set2.png,1,1,gray
,0,IPI,,0,0,,,,0,0,gray
,147,inferenceTrial,B_3_set2.png,0,0,finish,C_4_set2.png,A_4_set2.png,1,1,gray
,0,ITI,,1150,0,,,,0,0,gray
,48,learningTrial,A_5_set2.png,0,0,finish,,,0,0,gray
,48,learningTrial,B_6_set2.png,0,0,finish,,,0,0,gray
,48,learningTrial,C_5_set2.png,0,0,finish,,,0,0,gray
,48,learningTrial,D_6_set2.png,0,0,finish,,,0,0,gray
,48,learningTrial,A_5_set2.png,0,0,finish,,,0,0,gray
,48,learningTrial,B_4_set2.png,0,0,finish,,,0,0,gray
,48,learningTrial,C_3_set2.png,0,0,finish,,,0,0,gray
,48,learningTrial,D_4_set2.png,0,0,finish,,,0,0,gray
,48,learningTrial,A_3_set2.png,0,0,finish,,,0,0,gray
,48,learningTrial,B_2_set2.png,0,0,finish,,,0,0,gray
,48,learningTrial,C_3_set2.png,0,0,finish,,,0,0,gray
,48,learningTrial,D_2_set2.png,0,0,finish,,,0,0,gray
,0,PreProbeInterval,,0,0,,,,0,0,gray
,48,probeTrial,D_6_set2.png,0,0,finish,A_3_set2.png,A_5_set2.png,2,2,gray
,0,IPI,,0,0,,,,0,0,gray
,148,inferenceTrial,B_3_set2.png,0,0,finish,C_2_set2.png,C_6_set2.png,1,2,gray
,0,ITI,,1000,0,,,,0,0,gray
,0,longPause,,0,60000,,,,0,0,gray
,0,fixation,,0,0,,,,0,0,gray
,801,transferTrial,B_4_set4.png,0,0,transferFinish,,,0,0,gray
,801,transferTrial,A_5_set4.png,0,0,transferFinish,,,0,0,gray
,801,transferTrial,D_1_set4.png,0,0,transferFinish,,,0,0,gray
,801,transferTrial,C_6_set4.png,0,0,transferFinish,,,0,0,gray
,801,transferTrial,B_3_set4.png,0,0,transferFinish,,,0,0,gray
,801,transferTrial,A_2_set4.png,0,0,transferFinish,,,0,0,gray
,801,transferTrial,D_4_set4.png,0,0,transferFinish,,,0,0,gray
,801,transferTrial,C_5_set4.png,0,0,transferFinish,,,0,0,gray
,801,transferTrial,B_1_set4.png,0,0,transferFinish,,,0,0,gray
,801,transferTrial,A_6_set4.png,0,0,transferFinish,,,0,0,gray
,801,transferTrial,D_3_set4.png,0,0,transferFinish,,,0,0,gray
,801,transferTrial,C_2_set4.png,0,0,transferFinish,,,0,0,gray
,0,PreProbeInterval,,0,0,,,,0,0,gray
,801,transferProbeTrial,D_4_set4.png,0,0,transferFinish,C_6_set4.png,C_5_set4.png,2,2,gray
,0,IPI,,0,0,,,,0,0,gray
,901,transferInferenceTrial,A_3_set4.png,0,0,transferFinish,D_5_set4.png,D_2_set4.png,2,2,gray
,0,ITI,,1450,0,,,,0,0,gray
,802,transferTrial,B_4_set4.png,0,0,transferFinish,,,0,0,gray
,802,transferTrial,A_5_set4.png,0,0,transferFinish,,,0,0,gray
,802,transferTrial,D_1_set4.png,0,0,transferFinish,,,0,0,gray
,802,transferTrial,C_6_set4.png,0,0,transferFinish,,,0,0,gray
,802,transferTrial,B_3_set4.png,0,0,transferFinish,,,0,0,gray
,802,transferTrial,A_2_set4.png,0,0,transferFinish,,,0,0,gray
,802,transferTrial,D_4_set4.png,0,0,transferFinish,,,0,0,gray
,802,transferTrial,C_5_set4.png,0,0,transferFinish,,,0,0,gray
,802,transferTrial,B_1_set4.png,0,0,transferFinish,,,0,0,gray
,802,transferTrial,A_6_set4.png,0,0,transferFinish,,,0,0,gray
,802,transferTrial,D_3_set4.png,0,0,transferFinish,,,0,0,gray
,802,transferTrial,C_2_set4.png,0,0,transferFinish,,,0,0,gray
,0,PreProbeInterval,,0,0,,,,0,0,gray
,802,transferProbeTrial,A_5_set4.png,0,0,transferFinish,D_1_set4.png,B_1_set4.png,1,1,gray
,0,IPI,,0,0,,,,0,0,gray
,902,transferInferenceTrial,D_6_set4.png,0,0,transferFinish,A_3_set4.png,C_3_set4.png,2,1,gray
,0,ITI,,1950,0,,,,0,0,gray
,803,transferTrial,B_4_set4.png,0,0,transferFinish,,,0,0,gray
,803,transferTrial,A_5_set4.png,0,0,transferFinish,,,0,0,gray
,803,transferTrial,D_1_set4.png,0,0,transferFinish,,,0,0,gray
,803,transferTrial,C_6_set4.png,0,0,transferFinish,,,0,0,gray
,803,transferTrial,B_3_set4.png,0,0,transferFinish,,,0,0,gray
,803,transferTrial,A_2_set4.png,0,0,transferFinish,,,0,0,gray
,803,transferTrial,D_4_set4.png,0,0,transferFinish,,,0,0,gray
,803,transferTrial,C_5_set4.png,0,0,transferFinish,,,0,0,gray
,803,transferTrial,B_1_set4.png,0,0,transferFinish,,,0,0,gray
,803,transferTrial,A_6_set4.png,0,0,transferFinish,,,0,0,gray
,803,transferTrial,D_3_set4.png,0,0,transferFinish,,,0,0,gray
,803,transferTrial,C_2_set4.png,0,0,transferFinish,,,0,0,gray
,0,PreProbeInterval,,0,0,,,,0,0,gray
,803,transferProbeTrial,C_2_set4.png,0,0,transferFinish,B_4_set4.png,D_4_set4.png,1,1,gray
,0,IPI,,0,0,,,,0,0,gray
,903,transferInferenceTrial,B_5_set4.png,0,0,transferFinish,A_1_set4.png,C_1_set4.png,1,1,gray
,0,ITI,,1200,0,,,,0,0,gray
,804,transferTrial,B_4_set4.png,0,0,transferFinish,,,0,0,gray
,804,transferTrial,A_5_set4.png,0,0,transferFinish,,,0,0,gray
,804,transferTrial,D_1_set4.png,0,0,transferFinish,,,0,0,gray
,804,transferTrial,C_6_set4.png,0,0,transferFinish,,,0,0,gray
,804,transferTrial,B_3_set4.png,0,0,transferFinish,,,0,0,gray
,804,transferTrial,A_2_set4.png,0,0,transferFinish,,,0,0,gray
,804,transferTrial,D_4_set4.png,0,0,transferFinish,,,0,0,gray
,804,transferTrial,C_5_set4.png,0,0,transferFinish,,,0,0,gray
,804,transferTrial,B_1_set4.png,0,0,transferFinish,,,0,0,gray
,804,transferTrial,A_6_set4.png,0,0,transferFinish,,,0,0,gray
,804,transferTrial,D_3_set4.png,0,0,transferFinish,,,0,0,gray
,804,transferTrial,C_2_set4.png,0,0,transferFinish,,,0,0,gray
,0,PreProbeInterval,,0,0,,,,0,0,gray
,804,transferProbeTrial,B_4_set4.png,0,0,transferFinish,A_6_set4.png,A_5_set4.png,2,2,gray
,0,IPI,,0,0,,,,0,0,gray
,904,transferInferenceTrial,B_6_set4.png,0,0,transferFinish,A_3_set4.png,C_3_set4.png,1,1,gray
,0,ITI,,1250,0,,,,0,0,gray
,805,transferTrial,B_4_set4.png,0,0,transferFinish,,,0,0,gray
,805,transferTrial,A_5_set4.png,0,0,transferFinish,,,0,0,gray
,805,transferTrial,D_1_set4.png,0,0,transferFinish,,,0,0,gray
,805,transferTrial,C_6_set4.png,0,0,transferFinish,,,0,0,gray
,805,transferTrial,B_3_set4.png,0,0,transferFinish,,,0,0,gray
,805,transferTrial,A_2_set4.png,0,0,transferFinish,,,0,0,gray
,805,transferTrial,D_4_set4.png,0,0,transferFinish,,,0,0,gray
,805,transferTrial,C_5_set4.png,0,0,transferFinish,,,0,0,gray
,805,transferTrial,B_1_set4.png,0,0,transferFinish,,,0,0,gray
,805,transferTrial,A_6_set4.png,0,0,transferFinish,,,0,0,gray
,805,transferTrial,D_3_set4.png,0,0,transferFinish,,,0,0,gray
,805,transferTrial,C_2_set4.png,0,0,transferFinish,,,0,0,gray
,0,PreProbeInterval,,0,0,,,,0,0,gray
,805,transferProbeTrial,A_2_set4.png,0,0,transferFinish,D_4_set4.png,B_4_set4.png,1,1,gray
,0,IPI,,0,0,,,,0,0,gray
,905,transferInferenceTrial,C_4_set4.png,0,0,transferFinish,B_5_set4.png,B_6_set4.png,1,2,gray
,0,ITI,,1300,0,,,,0,0,gray
,806,transferTrial,B_4_set4.png,0,0,transferFinish,,,0,0,gray
,806,transferTrial,A_5_set4.png,0,0,transferFinish,,,0,0,gray
,806,transferTrial,D_1_set4.png,0,0,transferFinish,,,0,0,gray
,806,transferTrial,C_6_set4.png,0,0,transferFinish,,,0,0,gray
,806,transferTrial,B_3_set4.png,0,0,transferFinish,,,0,0,gray
,806,transferTrial,A_2_set4.png,0,0,transferFinish,,,0,0,gray
,806,transferTrial,D_4_set4.png,0,0,transferFinish,,,0,0,gray
,806,transferTrial,C_5_set4.png,0,0,transferFinish,,,0,0,gray
,806,transferTrial,B_1_set4.png,0,0,transferFinish,,,0,0,gray
,806,transferTrial,A_6_set4.png,0,0,transferFinish,,,0,0,gray
,806,transferTrial,D_3_set4.png,0,0,transferFinish,,,0,0,gray
,806,transferTrial,C_2_set4.png,0,0,transferFinish,,,0,0,gray
,0,PreProbeInterval,,0,0,,,,0,0,gray
,806,transferProbeTrial,D_4_set4.png,0,0,transferFinish,C_5_set4.png,C_6_set4.png,1,2,gray
,0,IPI,,0,0,,,,0,0,gray
,906,transferInferenceTrial,C_1_set4.png,0,0,transferFinish,B_6_set4.png,B_2_set4.png,1,2,gray
,0,ITI,,1000,0,,,,0,0,gray
,807,transferTrial,B_4_set4.png,0,0,transferFinish,,,0,0,gray
,807,transferTrial,A_5_set4.png,0,0,transferFinish,,,0,0,gray
,807,transferTrial,D_1_set4.png,0,0,transferFinish,,,0,0,gray
,807,transferTrial,C_6_set4.png,0,0,transferFinish,,,0,0,gray
,807,transferTrial,B_3_set4.png,0,0,transferFinish,,,0,0,gray
,807,transferTrial,A_2_set4.png,0,0,transferFinish,,,0,0,gray
,807,transferTrial,D_4_set4.png,0,0,transferFinish,,,0,0,gray
,807,transferTrial,C_5_set4.png,0,0,transferFinish,,,0,0,gray
,807,transferTrial,B_1_set4.png,0,0,transferFinish,,,0,0,gray
,807,transferTrial,A_6_set4.png,0,0,transferFinish,,,0,0,gray
,807,transferTrial,D_3_set4.png,0,0,transferFinish,,,0,0,gray
,807,transferTrial,C_2_set4.png,0,0,transferFinish,,,0,0,gray
,0,PreProbeInterval,,0,0,,,,0,0,gray
,807,transferProbeTrial,C_6_set4.png,0,0,transferFinish,B_3_set4.png,D_3_set4.png,1,1,gray
,0,IPI,,0,0,,,,0,0,gray
,907,transferInferenceTrial,D_5_set4.png,0,0,transferFinish,A_1_set4.png,C_1_set4.png,2,1,gray
,0,ITI,,1050,0,,,,0,0,gray
,808,transferTrial,B_4_set4.png,0,0,transferFinish,,,0,0,gray
,808,transferTrial,A_5_set4.png,0,0,transferFinish,,,0,0,gray
,808,transferTrial,D_1_set4.png,0,0,transferFinish,,,0,0,gray
,808,transferTrial,C_6_set4.png,0,0,transferFinish,,,0,0,gray
,808,transferTrial,B_3_set4.png,0,0,transferFinish,,,0,0,gray
,808,transferTrial,A_2_set4.png,0,0,transferFinish,,,0,0,gray
,808,transferTrial,D_4_set4.png,0,0,transferFinish,,,0,0,gray
,808,transferTrial,C_5_set4.png,0,0,transferFinish,,,0,0,gray
,808,transferTrial,B_1_set4.png,0,0,transferFinish,,,0,0,gray
,808,transferTrial,A_6_set4.png,0,0,transferFinish,,,0,0,gray
,808,transferTrial,D_3_set4.png,0,0,transferFinish,,,0,0,gray
,808,transferTrial,C_2_set4.png,0,0,transferFinish,,,0,0,gray
,0,PreProbeInterval,,0,0,,,,0,0,gray
,808,transferProbeTrial,B_1_set4.png,0,0,transferFinish,A_2_set4.png,A_6_set4.png,2,2,gray
,0,IPI,,0,0,,,,0,0,gray
,908,transferInferenceTrial,A_4_set4.png,0,0,transferFinish,D_5_set4.png,D_6_set4.png,1,2,gray
,0,ITI,,1700,0,,,,0,0,gray
,809,transferTrial,B_4_set4.png,0,0,transferFinish,,,0,0,gray
,809,transferTrial,A_5_set4.png,0,0,transferFinish,,,0,0,gray
,809,transferTrial,D_1_set4.png,0,0,transferFinish,,,0,0,gray
,809,transferTrial,C_6_set4.png,0,0,transferFinish,,,0,0,gray
,809,transferTrial,B_3_set4.png,0,0,transferFinish,,,0,0,gray
,809,transferTrial,A_2_set4.png,0,0,transferFinish,,,0,0,gray
,809,transferTrial,D_4_set4.png,0,0,transferFinish,,,0,0,gray
,809,transferTrial,C_5_set4.png,0,0,transferFinish,,,0,0,gray
,809,transferTrial,B_1_set4.png,0,0,transferFinish,,,0,0,gray
,809,transferTrial,A_6_set4.png,0,0,transferFinish,,,0,0,gray
,809,transferTrial,D_3_set4.png,0,0,transferFinish,,,0,0,gray
,809,transferTrial,C_2_set4.png,0,0,transferFinish,,,0,0,gray
,0,PreProbeInterval,,0,0,,,,0,0,gray
,809,transferProbeTrial,B_3_set4.png,0,0,transferFinish,A_5_set4.png,A_2_set4.png,2,2,gray
,0,IPI,,0,0,,,,0,0,gray
,909,transferInferenceTrial,A_1_set4.png,0,0,transferFinish,D_2_set4.png,D_6_set4.png,2,2,gray
,0,ITI,,1800,0,,,,0,0,gray
,810,transferTrial,B_4_set4.png,0,0,transferFinish,,,0,0,gray
,810,transferTrial,A_5_set4.png,0,0,transferFinish,,,0,0,gray
,810,transferTrial,D_1_set4.png,0,0,transferFinish,,,0,0,gray
,810,transferTrial,C_6_set4.png,0,0,transferFinish,,,0,0,gray
,810,transferTrial,B_3_set4.png,0,0,transferFinish,,,0,0,gray
,810,transferTrial,A_2_set4.png,0,0,transferFinish,,,0,0,gray
,810,transferTrial,D_4_set4.png,0,0,transferFinish,,,0,0,gray
,810,transferTrial,C_5_set4.png,0,0,transferFinish,,,0,0,gray
,810,transferTrial,B_1_set4.png,0,0,transferFinish,,,0,0,gray
,810,transferTrial,A_6_set4.png,0,0,transferFinish,,,0,0,gray
,810,transferTrial,D_3_set4.png,0,0,transferFinish,,,0,0,gray
,810,transferTrial,C_2_set4.png,0,0,transferFinish,,,0,0,gray
,0,PreProbeInterval,,0,0,,,,0,0,gray
,810,transferProbeTrial,A_6_set4.png,0,0,transferFinish,B_3_set4.png,D_3_set4.png,2,1,gray
,0,IPI,,0,0,,,,0,0,gray
,910,transferInferenceTrial,A_3_set4.png,0,0,transferFinish,D_2_set4.png,D_5_set4.png,1,2,gray
,0,ITI,,1500,0,,,,0,0,gray
,811,transferTrial,B_4_set4.png,0,0,transferFinish,,,0,0,gray
,811,transferTrial,A_5_set4.png,0,0,transferFinish,,,0,0,gray
,811,transferTrial,D_1_set4.png,0,0,transferFinish,,,0,0,gray
,811,transferTrial,C_6_set4.png,0,0,transferFinish,,,0,0,gray
,811,transferTrial,B_3_set4.png,0,0,transferFinish,,,0,0,gray
,811,transferTrial,A_2_set4.png,0,0,transferFinish,,,0,0,gray
,811,transferTrial,D_4_set4.png,0,0,transferFinish,,,0,0,gray
,811,transferTrial,C_5_set4.png,0,0,transferFinish,,,0,0,gray
,811,transferTrial,B_1_set4.png,0,0,transferFinish,,,0,0,gray
,811,transferTrial,A_6_set4.png,0,0,transferFinish,,,0,0,gray
,811,transferTrial,D_3_set4.png,0,0,transferFinish,,,0,0,gray
,811,transferTrial,C_2_set4.png,0,0,transferFinish,,,0,0,gray
,0,PreProbeInterval,,0,0,,,,0,0,gray
,811,transferProbeTrial,D_1_set4.png,0,0,transferFinish,C_2_set4.png,C_6_set4.png,2,2,gray
,0,IPI,,0,0,,,,0,0,gray
,911,transferInferenceTrial,D_6_set4.png,0,0,transferFinish,C_3_set4.png,A_3_set4.png,1,1,gray
,0,ITI,,1850,0,,,,0,0,gray
,812,transferTrial,B_4_set4.png,0,0,transferFinish,,,0,0,gray
,812,transferTrial,A_5_set4.png,0,0,transferFinish,,,0,0,gray
,812,transferTrial,D_1_set4.png,0,0,transferFinish,,,0,0,gray
,812,transferTrial,C_6_set4.png,0,0,transferFinish,,,0,0,gray
,812,transferTrial,B_3_set4.png,0,0,transferFinish,,,0,0,gray
,812,transferTrial,A_2_set4.png,0,0,transferFinish,,,0,0,gray
,812,transferTrial,D_4_set4.png,0,0,transferFinish,,,0,0,gray
,812,transferTrial,C_5_set4.png,0,0,transferFinish,,,0,0,gray
,812,transferTrial,B_1_set4.png,0,0,transferFinish,,,0,0,gray
,812,transferTrial,A_6_set4.png,0,0,transferFinish,,,0,0,gray
,812,transferTrial,D_3_set4.png,0,0,transferFinish,,,0,0,gray
,812,transferTrial,C_2_set4.png,0,0,transferFinish,,,0,0,gray
,0,PreProbeInterval,,0,0,,,,0,0,gray
,812,transferProbeTrial,C_6_set4.png,0,0,transferFinish,D_3_set4.png,B_3_set4.png,2,1,gray
,0,IPI,,0,0,,,,0,0,gray
,912,transferInferenceTrial,B_2_set4.png,0,0,transferFinish,A_4_set4.png,C_4_set4.png,1,1,gray
,0,ITI,,1550,0,,,,0,0,gray
,0,transferPause,,0,30000,,,,0,0,gray
,813,transferTrial,B_4_set4.png,0,0,transferFinish,,,0,0,gray
,813,transferTrial,A_5_set4.png,0,0,transferFinish,,,0,0,gray
,813,transferTrial,D_1_set4.png,0,0,transferFinish,,,0,0,gray
,813,transferTrial,C_6_set4.png,0,0,transferFinish,,,0,0,gray
,813,transferTrial,B_3_set4.png,0,0,transferFinish,,,0,0,gray
,813,transferTrial,A_2_set4.png,0,0,transferFinish,,,0,0,gray
,813,transferTrial,D_4_set4.png,0,0,transferFinish,,,0,0,gray
,813,transferTrial,C_5_set4.png,0,0,transferFinish,,,0,0,gray
,813,transferTrial,B_1_set4.png,0,0,transferFinish,,,0,0,gray
,813,transferTrial,A_6_set4.png,0,0,transferFinish,,,0,0,gray
,813,transferTrial,D_3_set4.png,0,0,transferFinish,,,0,0,gray
,813,transferTrial,C_2_set4.png,0,0,transferFinish,,,0,0,gray
,0,PreProbeInterval,,0,0,,,,0,0,gray
,813,transferProbeTrial,C_2_set4.png,0,0,transferFinish,D_4_set4.png,B_4_set4.png,2,1,gray
,0,IPI,,0,0,,,,0,0,gray
,913,transferInferenceTrial,B_6_set4.png,0,0,transferFinish,C_3_set4.png,A_3_set4.png,2,1,gray
,0,ITI,,1500,0,,,,0,0,gray
,814,transferTrial,B_4_set4.png,0,0,transferFinish,,,0,0,gray
,814,transferTrial,A_5_set4.png,0,0,transferFinish,,,0,0,gray
,814,transferTrial,D_1_set4.png,0,0,transferFinish,,,0,0,gray
,814,transferTrial,C_6_set4.png,0,0,transferFinish,,,0,0,gray
,814,transferTrial,B_3_set4.png,0,0,transferFinish,,,0,0,gray
,814,transferTrial,A_2_set4.png,0,0,transferFinish,,,0,0,gray
,814,transferTrial,D_4_set4.png,0,0,transferFinish,,,0,0,gray
,814,transferTrial,C_5_set4.png,0,0,transferFinish,,,0,0,gray
,814,transferTrial,B_1_set4.png,0,0,transferFinish,,,0,0,gray
,814,transferTrial,A_6_set4.png,0,0,transferFinish,,,0,0,gray
,814,transferTrial,D_3_set4.png,0,0,transferFinish,,,0,0,gray
,814,transferTrial,C_2_set4.png,0,0,transferFinish,,,0,0,gray
,0,PreProbeInterval,,0,0,,,,0,0,gray
,814,transferProbeTrial,B_1_set4.png,0,0,transferFinish,A_6_set4.png,A_2_set4.png,1,2,gray
,0,IPI,,0,0,,,,0,0,gray
,914,transferInferenceTrial,A_4_set4.png,0,0,transferFinish,D_5_set4.png,D_6_set4.png,1,2,gray
,0,ITI,,1200,0,,,,0,0,gray
,815,transferTrial,B_4_set4.png,0,0,transferFinish,,,0,0,gray
,815,transferTrial,A_5_set4.png,0,0,transferFinish,,,0,0,gray
,815,transferTrial,D_1_set4.png,0,0,transferFinish,,,0,0,gray
,815,transferTrial,C_6_set4.png,0,0,transferFinish,,,0,0,gray
,815,transferTrial,B_3_set4.png,0,0,transferFinish,,,0,0,gray
,815,transferTrial,A_2_set4.png,0,0,transferFinish,,,0,0,gray
,815,transferTrial,D_4_set4.png,0,0,transferFinish,,,0,0,gray
,815,transferTrial,C_5_set4.png,0,0,transferFinish,,,0,0,gray
,815,transferTrial,B_1_set4.png,0,0,transferFinish,,,0,0,gray
,815,transferTrial,A_6_set4.png,0,0,transferFinish,,,0,0,gray
,815,transferTrial,D_3_set4.png,0,0,transferFinish,,,0,0,gray
,815,transferTrial,C_2_set4.png,0,0,transferFinish,,,0,0,gray
,0,PreProbeInterval,,0,0,,,,0,0,gray
,815,transferProbeTrial,A_6_set4.png,0,0,transferFinish,D_3_set4.png,B_3_set4.png,1,1,gray
,0,IPI,,0,0,,,,0,0,gray
,915,transferInferenceTrial,C_4_set4.png,0,0,transferFinish,B_6_set4.png,B_5_set4.png,2,2,gray
,0,ITI,,1350,0,,,,0,0,gray
,816,transferTrial,B_4_set4.png,0,0,transferFinish,,,0,0,gray
,816,transferTrial,A_5_set4.png,0,0,transferFinish,,,0,0,gray
,816,transferTrial,D_1_set4.png,0,0,transferFinish,,,0,0,gray
,816,transferTrial,C_6_set4.png,0,0,transferFinish,,,0,0,gray
,816,transferTrial,B_3_set4.png,0,0,transferFinish,,,0,0,gray
,816,transferTrial,A_2_set4.png,0,0,transferFinish,,,0,0,gray
,816,transferTrial,D_4_set4.png,0,0,transferFinish,,,0,0,gray
,816,transferTrial,C_5_set4.png,0,0,transferFinish,,,0,0,gray
,816,transferTrial,B_1_set4.png,0,0,transferFinish,,,0,0,gray
,816,transferTrial,A_6_set4.png,0,0,transferFinish,,,0,0,gray
,816,transferTrial,D_3_set4.png,0,0,transferFinish,,,0,0,gray
,816,transferTrial,C_2_set4.png,0,0,transferFinish,,,0,0,gray
,0,PreProbeInterval,,0,0,,,,0,0,gray
,816,transferProbeTrial,B_4_set4.png,0,0,transferFinish,A_5_set4.png,A_6_set4.png,1,2,gray
,0,IPI,,0,0,,,,0,0,gray
,916,transferInferenceTrial,D_2_set4.png,0,0,transferFinish,A_4_set4.png,C_4_set4.png,2,1,gray
,0,ITI,,1750,0,,,,0,0,gray
,817,transferTrial,B_4_set4.png,0,0,transferFinish,,,0,0,gray
,817,transferTrial,A_5_set4.png,0,0,transferFinish,,,0,0,gray
,817,transferTrial,D_1_set4.png,0,0,transferFinish,,,0,0,gray
,817,transferTrial,C_6_set4.png,0,0,transferFinish,,,0,0,gray
,817,transferTrial,B_3_set4.png,0,0,transferFinish,,,0,0,gray
,817,transferTrial,A_2_set4.png,0,0,transferFinish,,,0,0,gray
,817,transferTrial,D_4_set4.png,0,0,transferFinish,,,0,0,gray
,817,transferTrial,C_5_set4.png,0,0,transferFinish,,,0,0,gray
,817,transferTrial,B_1_set4.png,0,0,transferFinish,,,0,0,gray
,817,transferTrial,A_6_set4.png,0,0,transferFinish,,,0,0,gray
,817,transferTrial,D_3_set4.png,0,0,transferFinish,,,0,0,gray
,817,transferTrial,C_2_set4.png,0,0,transferFinish,,,0,0,gray
,0,PreProbeInterval,,0,0,,,,0,0,gray
,817,transferProbeTrial,A_2_set4.png,0,0,transferFinish,B_4_set4.png,D_4_set4.png,2,1,gray
,0,IPI,,0,0,,,,0,0,gray
,917,transferInferenceTrial,B_5_set4.png,0,0,transferFinish,A_1_set4.png,C_1_set4.png,1,1,gray
,0,ITI,,1550,0,,,,0,0,gray
,818,transferTrial,B_4_set4.png,0,0,transferFinish,,,0,0,gray
,818,transferTrial,A_5_set4.png,0,0,transferFinish,,,0,0,gray
,818,transferTrial,D_1_set4.png,0,0,transferFinish,,,0,0,gray
,818,transferTrial,C_6_set4.png,0,0,transferFinish,,,0,0,gray
,818,transferTrial,B_3_set4.png,0,0,transferFinish,,,0,0,gray
,818,transferTrial,A_2_set4.png,0,0,transferFinish,,,0,0,gray
,818,transferTrial,D_4_set4.png,0,0,transferFinish,,,0,0,gray
,818,transferTrial,C_5_set4.png,0,0,transferFinish,,,0,0,gray
,818,transferTrial,B_1_set4.png,0,0,transferFinish,,,0,0,gray
,818,transferTrial,A_6_set4.png,0,0,transferFinish,,,0,0,gray
,818,transferTrial,D_3_set4.png,0,0,transferFinish,,,0,0,gray
,818,transferTrial,C_2_set4.png,0,0,transferFinish,,,0,0,gray
,0,PreProbeInterval,,0,0,,,,0,0,gray
,818,transferProbeTrial,B_1_set4.png,0,0,transferFinish,A_6_set4.png,A_2_set4.png,1,2,gray
,0,IPI,,0,0,,,,0,0,gray
,918,transferInferenceTrial,C_3_set4.png,0,0,transferFinish,B_2_set4.png,B_5_set4.png,1,2,gray
,0,ITI,,1400,0,,,,0,0,gray
,819,transferTrial,B_4_set4.png,0,0,transferFinish,,,0,0,gray
,819,transferTrial,A_5_set4.png,0,0,transferFinish,,,0,0,gray
,819,transferTrial,D_1_set4.png,0,0,transferFinish,,,0,0,gray
,819,transferTrial,C_6_set4.png,0,0,transferFinish,,,0,0,gray
,819,transferTrial,B_3_set4.png,0,0,transferFinish,,,0,0,gray
,819,transferTrial,A_2_set4.png,0,0,transferFinish,,,0,0,gray
,819,transferTrial,D_4_set4.png,0,0,transferFinish,,,0,0,gray
,819,transferTrial,C_5_set4.png,0,0,transferFinish,,,0,0,gray
,819,transferTrial,B_1_set4.png,0,0,transferFinish,,,0,0,gray
,819,transferTrial,A_6_set4.png,0,0,transferFinish,,,0,0,gray
,819,transferTrial,D_3_set4.png,0,0,transferFinish,,,0,0,gray
,819,transferTrial,C_2_set4.png,0,0,transferFinish,,,0,0,gray
,0,PreProbeInterval,,0,0,,,,0,0,gray
,819,transferProbeTrial,A_6_set4.png,0,0,transferFinish,D_3_set4.png,B_3_set4.png,1,1,gray
,0,IPI,,0,0,,,,0,0,gray
,919,transferInferenceTrial,C_4_set4.png,0,0,transferFinish,B_5_set4.png,B_6_set4.png,1,2,gray
,0,ITI,,1100,0,,,,0,0,gray
,820,transferTrial,B_4_set4.png,0,0,transferFinish,,,0,0,gray
,820,transferTrial,A_5_set4.png,0,0,transferFinish,,,0,0,gray
,820,transferTrial,D_1_set4.png,0,0,transferFinish,,,0,0,gray
,820,transferTrial,C_6_set4.png,0,0,transferFinish,,,0,0,gray
,820,transferTrial,B_3_set4.png,0,0,transferFinish,,,0,0,gray
,820,transferTrial,A_2_set4.png,0,0,transferFinish,,,0,0,gray
,820,transferTrial,D_4_set4.png,0,0,transferFinish,,,0,0,gray
,820,transferTrial,C_5_set4.png,0,0,transferFinish,,,0,0,gray
,820,transferTrial,B_1_set4.png,0,0,transferFinish,,,0,0,gray
,820,transferTrial,A_6_set4.png,0,0,transferFinish,,,0,0,gray
,820,transferTrial,D_3_set4.png,0,0,transferFinish,,,0,0,gray
,820,transferTrial,C_2_set4.png,0,0,transferFinish,,,0,0,gray
,0,PreProbeInterval,,0,0,,,,0,0,gray
,820,transferProbeTrial,B_3_set4.png,0,0,transferFinish,A_2_set4.png,A_5_set4.png,1,2,gray
,0,IPI,,0,0,,,,0,0,gray
,920,transferInferenceTrial,A_1_set4.png,0,0,transferFinish,D_6_set4.png,D_2_set4.png,1,2,gray
,0,ITI,,1100,0,,,,0,0,gray
,821,transferTrial,B_4_set4.png,0,0,transferFinish,,,0,0,gray
,821,transferTrial,A_5_set4.png,0,0,transferFinish,,,0,0,gray
,821,transferTrial,D_1_set4.png,0,0,transferFinish,,,0,0,gray
,821,transferTrial,C_6_set4.png,0,0,transferFinish,,,0,0,gray
,821,transferTrial,B_3_set4.png,0,0,transferFinish,,,0,0,gray
,821,transferTrial,A_2_set4.png,0,0,transferFinish,,,0,0,gray
,821,transferTrial,D_4_set4.png,0,0,transferFinish,,,0,0,gray
,821,transferTrial,C_5_set4.png,0,0,transferFinish,,,0,0,gray
,821,transferTrial,B_1_set4.png,0,0,transferFinish,,,0,0,gray
,821,transferTrial,A_6_set4.png,0,0,transferFinish,,,0,0,gray
,821,transferTrial,D_3_set4.png,0,0,transferFinish,,,0,0,gray
,821,transferTrial,C_2_set4.png,0,0,transferFinish,,,0,0,gray
,0,PreProbeInterval,,0,0,,,,0,0,gray
,821,transferProbeTrial,D_1_set4.png,0,0,transferFinish,C_2_set4.png,C_6_set4.png,2,2,gray
,0,IPI,,0,0,,,,0,0,gray
,921,transferInferenceTrial,B_2_set4.png,0,0,transferFinish,A_4_set4.png,C_4_set4.png,1,1,gray
,0,ITI,,1550,0,,,,0,0,gray
,822,transferTrial,B_4_set4.png,0,0,transferFinish,,,0,0,gray
,822,transferTrial,A_5_set4.png,0,0,transferFinish,,,0,0,gray
,822,transferTrial,D_1_set4.png,0,0,transferFinish,,,0,0,gray
,822,transferTrial,C_6_set4.png,0,0,transferFinish,,,0,0,gray
,822,transferTrial,B_3_set4.png,0,0,transferFinish,,,0,0,gray
,822,transferTrial,A_2_set4.png,0,0,transferFinish,,,0,0,gray
,822,transferTrial,D_4_set4.png,0,0,transferFinish,,,0,0,gray
,822,transferTrial,C_5_set4.png,0,0,transferFinish,,,0,0,gray
,822,transferTrial,B_1_set4.png,0,0,transferFinish,,,0,0,gray
,822,transferTrial,A_6_set4.png,0,0,transferFinish,,,0,0,gray
,822,transferTrial,D_3_set4.png,0,0,transferFinish,,,0,0,gray
,822,transferTrial,C_2_set4.png,0,0,transferFinish,,,0,0,gray
,0,PreProbeInterval,,0,0,,,,0,0,gray
,822,transferProbeTrial,C_5_set4.png,0,0,transferFinish,D_1_set4.png,B_1_set4.png,2,1,gray
,0,IPI,,0,0,,,,0,0,gray
,922,transferInferenceTrial,D_2_set4.png,0,0,transferFinish,C_4_set4.png,A_4_set4.png,1,1,gray
,0,ITI,,1150,0,,,,0,0,gray
,823,transferTrial,B_4_set4.png,0,0,transferFinish,,,0,0,gray
,823,transferTrial,A_5_set4.png,0,0,transferFinish,,,0,0,gray
,823,transferTrial,D_1_set4.png,0,0,transferFinish,,,0,0,gray
,823,transferTrial,C_6_set4.png,0,0,transferFinish,,,0,0,gray
,823,transferTrial,B_3_set4.png,0,0,transferFinish,,,0,0,gray
,823,transferTrial,A_2_set4.png,0,0,transferFinish,,,0,0,gray
,823,transferTrial,D_4_set4.png,0,0,transferFinish,,,0,0,gray
,823,transferTrial,C_5_set4.png,0,0,transferFinish,,,0,0,gray
,823,transferTrial,B_1_set4.png,0,0,transferFinish,,,0,0,gray
,823,transferTrial,A_6_set4.png,0,0,transferFinish,,,0,0,gray
,823,transferTrial,D_3_set4.png,0,0,transferFinish,,,0,0,gray
,823,transferTrial,C_2_set4.png,0,0,transferFinish,,,0,0,gray
,0,PreProbeInterval,,0,0,,,,0,0,gray
,823,transferProbeTrial,D_3_set4.png,0,0,transferFinish,C_5_set4.png,C_2_set4.png,2,2,gray
,0,IPI,,0,0,,,,0,0,gray
,923,transferInferenceTrial,B_6_set4.png,0,0,transferFinish,C_3_set4.png,A_3_set4.png,2,1,gray
,0,ITI,,1850,0,,,,0,0,gray
,824,transferTrial,B_4_set4.png,0,0,transferFinish,,,0,0,gray
,824,transferTrial,A_5_set4.png,0,0,transferFinish,,,0,0,gray
,824,transferTrial,D_1_set4.png,0,0,transferFinish,,,0,0,gray
,824,transferTrial,C_6_set4.png,0,0,transferFinish,,,0,0,gray
,824,transferTrial,B_3_set4.png,0,0,transferFinish,,,0,0,gray
,824,transferTrial,A_2_set4.png,0,0,transferFinish,,,0,0,gray
,824,transferTrial,D_4_set4.png,0,0,transferFinish,,,0,0,gray
,824,transferTrial,C_5_set4.png,0,0,transferFinish,,,0,0,gray
,824,transferTrial,B_1_set4.png,0,0,transferFinish,,,0,0,gray
,824,transferTrial,A_6_set4.png,0,0,transferFinish,,,0,0,gray
,824,transferTrial,D_3_set4.png,0,0,transferFinish,,,0,0,gray
,824,transferTrial,C_2_set4.png,0,0,transferFinish,,,0,0,gray
,0,PreProbeInterval,,0,0,,,,0,0,gray
,824,transferProbeTrial,C_2_set4.png,0,0,transferFinish,B_4_set4.png,D_4_set4.png,1,1,gray
,0,IPI,,0,0,,,,0,0,gray
,924,transferInferenceTrial,C_3_set4.png,0,0,transferFinish,B_5_set4.png,B_2_set4.png,2,2,gray
,0,ITI,,1350,0,,,,0,0,gray
,0,transferPause,,0,30000,,,,0,0,gray
,825,transferTrial,B_4_set4.png,0,0,transferFinish,,,0,0,gray
,825,transferTrial,A_5_set4.png,0,0,transferFinish,,,0,0,gray
,825,transferTrial,D_1_set4.png,0,0,transferFinish,,,0,0,gray
,825,transferTrial,C_6_set4.png,0,0,transferFinish,,,0,0,gray
,825,transferTrial,B_3_set4.png,0,0,transferFinish,,,0,0,gray
,825,transferTrial,A_2_set4.png,0,0,transferFinish,,,0,0,gray
,825,transferTrial,D_4_set4.png,0,0,transferFinish,,,0,0,gray
,825,transferTrial,C_5_set4.png,0,0,transferFinish,,,0,0,gray
,825,transferTrial,B_1_set4.png,0,0,transferFinish,,,0,0,gray
,825,transferTrial,A_6_set4.png,0,0,transferFinish,,,0,0,gray
,825,transferTrial,D_3_set4.png,0,0,transferFinish,,,0,0,gray
,825,transferTrial,C_2_set4.png,0,0,transferFinish,,,0,0,gray
,0,PreProbeInterval,,0,0,,,,0,0,gray
,825,transferProbeTrial,A_2_set4.png,0,0,transferFinish,D_4_set4.png,B_4_set4.png,1,1,gray
,0,IPI,,0,0,,,,0,0,gray
,925,transferInferenceTrial,A_3_set4.png,0,0,transferFinish,D_5_set4.png,D_2_set4.png,2,2,gray
,0,ITI,,1650,0,,,,0,0,gray
,826,transferTrial,B_4_set4.png,0,0,transferFinish,,,0,0,gray
,826,transferTrial,A_5_set4.png,0,0,transferFinish,,,0,0,gray
,826,transferTrial,D_1_set4.png,0,0,transferFinish,,,0,0,gray
,826,transferTrial,C_6_set4.png,0,0,transferFinish,,,0,0,gray
,826,transferTrial,B_3_set4.png,0,0,transferFinish,,,0,0,gray
,826,transferTrial,A_2_set4.png,0,0,transferFinish,,,0,0,gray
,826,transferTrial,D_4_set4.png,0,0,transferFinish,,,0,0,gray
,826,transferTrial,C_5_set4.png,0,0,transferFinish,,,0,0,gray
,826,transferTrial,B_1_set4.png,0,0,transferFinish,,,0,0,gray
,826,transferTrial,A_6_set4.png,0,0,transferFinish,,,0,0,gray
,826,transferTrial,D_3_set4.png,0,0,transferFinish,,,0,0,gray
,826,transferTrial,C_2_set4.png,0,0,transferFinish,,,0,0,gray
,0,PreProbeInterval,,0,0,,,,0,0,gray
,826,transferProbeTrial,B_3_set4.png,0,0,transferFinish,A_5_set4.png,A_2_set4.png,2,2,gray
,0,IPI,,0,0,,,,0,0,gray
,926,transferInferenceTrial,D_5_set4.png,0,0,transferFinish,A_1_set4.png,C_1_set4.png,2,1,gray
,0,ITI,,1700,0,,,,0,0,gray
,827,transferTrial,B_4_set4.png,0,0,transferFinish,,,0,0,gray
,827,transferTrial,A_5_set4.png,0,0,transferFinish,,,0,0,gray
,827,transferTrial,D_1_set4.png,0,0,transferFinish,,,0,0,gray
,827,transferTrial,C_6_set4.png,0,0,transferFinish,,,0,0,gray
,827,transferTrial,B_3_set4.png,0,0,transferFinish,,,0,0,gray
,827,transferTrial,A_2_set4.png,0,0,transferFinish,,,0,0,gray
,827,transferTrial,D_4_set4.png,0,0,transferFinish,,,0,0,gray
,827,transferTrial,C_5_set4.png,0,0,transferFinish,,,0,0,gray
,827,transferTrial,B_1_set4.png,0,0,transferFinish,,,0,0,gray
,827,transferTrial,A_6_set4.png,0,0,transferFinish,,,0,0,gray
,827,transferTrial,D_3_set4.png,0,0,transferFinish,,,0,0,gray
,827,transferTrial,C_2_set4.png,0,0,transferFinish,,,0,0,gray
,0,PreProbeInterval,,0,0,,,,0,0,gray
,827,transferProbeTrial,D_3_set4.png,0,0,transferFinish,C_2_set4.png,C_5_set4.png,1,2,gray
,0,IPI,,0,0,,,,0,0,gray
,927,transferInferenceTrial,D_6_set4.png,0,0,transferFinish,C_3_set4.png,A_3_set4.png,1,1,gray
,0,ITI,,1750,0,,,,0,0,gray
,828,transferTrial,B_4_set4.png,0,0,transferFinish,,,0,0,gray
,828,transferTrial,A_5_set4.png,0,0,transferFinish,,,0,0,gray
,828,transferTrial,D_1_set4.png,0,0,transferFinish,,,0,0,gray
,828,transferTrial,C_6_set4.png,0,0,transferFinish,,,0,0,gray
,828,transferTrial,B_3_set4.png,0,0,transferFinish,,,0,0,gray
,828,transferTrial,A_2_set4.png,0,0,transferFinish,,,0,0,gray
,828,transferTrial,D_4_set4.png,0,0,transferFinish,,,0,0,gray
,828,transferTrial,C_5_set4.png,0,0,transferFinish,,,0,0,gray
,828,transferTrial,B_1_set4.png,0,0,transferFinish,,,0,0,gray
,828,transferTrial,A_6_set4.png,0,0,transferFinish,,,0,0,gray
,828,transferTrial,D_3_set4.png,0,0,transferFinish,,,0,0,gray
,828,transferTrial,C_2_set4.png,0,0,transferFinish,,,0,0,gray
,0,PreProbeInterval,,0,0,,,,0,0,gray
,828,transferProbeTrial,C_5_set4.png,0,0,transferFinish,D_1_set4.png,B_1_set4.png,2,1,gray
,0,IPI,,0,0,,,,0,0,gray
,928,transferInferenceTrial,A_4_set4.png,0,0,transferFinish,D_6_set4.png,D_5_set4.png,2,2,gray
,0,ITI,,1400,0,,,,0,0,gray
,829,transferTrial,B_4_set4.png,0,0,transferFinish,,,0,0,gray
,829,transferTrial,A_5_set4.png,0,0,transferFinish,,,0,0,gray
,829,transferTrial,D_1_set4.png,0,0,transferFinish,,,0,0,gray
,829,transferTrial,C_6_set4.png,0,0,transferFinish,,,0,0,gray
,829,transferTrial,B_3_set4.png,0,0,transferFinish,,,0,0,gray
,829,transferTrial,A_2_set4.png,0,0,transferFinish,,,0,0,gray
,829,transferTrial,D_4_set4.png,0,0,transferFinish,,,0,0,gray
,829,transferTrial,C_5_set4.png,0,0,transferFinish,,,0,0,gray
,829,transferTrial,B_1_set4.png,0,0,transferFinish,,,0,0,gray
,829,transferTrial,A_6_set4.png,0,0,transferFinish,,,0,0,gray
,829,transferTrial,D_3_set4.png,0,0,transferFinish,,,0,0,gray
,829,transferTrial,C_2_set4.png,0,0,transferFinish,,,0,0,gray
,0,PreProbeInterval,,0,0,,,,0,0,gray
,829,transferProbeTrial,B_4_set4.png,0,0,transferFinish,A_5_set4.png,A_6_set4.png,1,2,gray
,0,IPI,,0,0,,,,0,0,gray
,929,transferInferenceTrial,C_3_set4.png,0,0,transferFinish,B_5_set4.png,B_2_set4.png,2,2,gray
,0,ITI,,1250,0,,,,0,0,gray
,830,transferTrial,B_4_set4.png,0,0,transferFinish,,,0,0,gray
,830,transferTrial,A_5_set4.png,0,0,transferFinish,,,0,0,gray
,830,transferTrial,D_1_set4.png,0,0,transferFinish,,,0,0,gray
,830,transferTrial,C_6_set4.png,0,0,transferFinish,,,0,0,gray
,830,transferTrial,B_3_set4.png,0,0,transferFinish,,,0,0,gray
,830,transferTrial,A_2_set4.png,0,0,transferFinish,,,0,0,gray
,830,transferTrial,D_4_set4.png,0,0,transferFinish,,,0,0,gray
,830,transferTrial,C_5_set4.png,0,0,transferFinish,,,0,0,gray
,830,transferTrial,B_1_set4.png,0,0,transferFinish,,,0,0,gray
,830,transferTrial,A_6_set4.png,0,0,transferFinish,,,0,0,gray
,830,transferTrial,D_3_set4.png,0,0,transferFinish,,,0,0,gray
,830,transferTrial,C_2_set4.png,0,0,transferFinish,,,0,0,gray
,0,PreProbeInterval,,0,0,,,,0,0,gray
,830,transferProbeTrial,A_5_set4.png,0,0,transferFinish,B_1_set4.png,D_1_set4.png,2,1,gray
,0,IPI,,0,0,,,,0,0,gray
,930,transferInferenceTrial,B_5_set4.png,0,0,transferFinish,C_1_set4.png,A_1_set4.png,2,1,gray
,0,ITI,,1100,0,,,,0,0,gray
,831,transferTrial,B_4_set4.png,0,0,transferFinish,,,0,0,gray
,831,transferTrial,A_5_set4.png,0,0,transferFinish,,,0,0,gray
,831,transferTrial,D_1_set4.png,0,0,transferFinish,,,0,0,gray
,831,transferTrial,C_6_set4.png,0,0,transferFinish,,,0,0,gray
,831,transferTrial,B_3_set4.png,0,0,transferFinish,,,0,0,gray
,831,transferTrial,A_2_set4.png,0,0,transferFinish,,,0,0,gray
,831,transferTrial,D_4_set4.png,0,0,transferFinish,,,0,0,gray
,831,transferTrial,C_5_set4.png,0,0,transferFinish,,,0,0,gray
,831,transferTrial,B_1_set4.png,0,0,transferFinish,,,0,0,gray
,831,transferTrial,A_6_set4.png,0,0,transferFinish,,,0,0,gray
,831,transferTrial,D_3_set4.png,0,0,transferFinish,,,0,0,gray
,831,transferTrial,C_2_set4.png,0,0,transferFinish,,,0,0,gray
,0,PreProbeInterval,,0,0,,,,0,0,gray
,831,transferProbeTrial,C_5_set4.png,0,0,transferFinish,B_1_set4.png,D_1_set4.png,1,1,gray
,0,IPI,,0,0,,,,0,0,gray
,931,transferInferenceTrial,C_1_set4.png,0,0,transferFinish,B_2_set4.png,B_6_set4.png,2,2,gray
,0,ITI,,1400,0,,,,0,0,gray
,832,transferTrial,B_4_set4.png,0,0,transferFinish,,,0,0,gray
,832,transferTrial,A_5_set4.png,0,0,transferFinish,,,0,0,gray
,832,transferTrial,D_1_set4.png,0,0,transferFinish,,,0,0,gray
,832,transferTrial,C_6_set4.png,0,0,transferFinish,,,0,0,gray
,832,transferTrial,B_3_set4.png,0,0,transferFinish,,,0,0,gray
,832,transferTrial,A_2_set4.png,0,0,transferFinish,,,0,0,gray
,832,transferTrial,D_4_set4.png,0,0,transferFinish,,,0,0,gray
,832,transferTrial,C_5_set4.png,0,0,transferFinish,,,0,0,gray
,832,transferTrial,B_1_set4.png,0,0,transferFinish,,,0,0,gray
,832,transferTrial,A_6_set4.png,0,0,transferFinish,,,0,0,gray
,832,transferTrial,D_3_set4.png,0,0,transferFinish,,,0,0,gray
,832,transferTrial,C_2_set4.png,0,0,transferFinish,,,0,0,gray
,0,PreProbeInterval,,0,0,,,,0,0,gray
,832,transferProbeTrial,C_6_set4.png,0,0,transferFinish,D_3_set4.png,B_3_set4.png,2,1,gray
,0,IPI,,0,0,,,,0,0,gray
,932,transferInferenceTrial,D_2_set4.png,0,0,transferFinish,C_4_set4.png,A_4_set4.png,1,1,gray
,0,ITI,,1100,0,,,,0,0,gray
,833,transferTrial,B_4_set4.png,0,0,transferFinish,,,0,0,gray
,833,transferTrial,A_5_set4.png,0,0,transferFinish,,,0,0,gray
,833,transferTrial,D_1_set4.png,0,0,transferFinish,,,0,0,gray
,833,transferTrial,C_6_set4.png,0,0,transferFinish,,,0,0,gray
,833,transferTrial,B_3_set4.png,0,0,transferFinish,,,0,0,gray
,833,transferTrial,A_2_set4.png,0,0,transferFinish,,,0,0,gray
,833,transferTrial,D_4_set4.png,0,0,transferFinish,,,0,0,gray
,833,transferTrial,C_5_set4.png,0,0,transferFinish,,,0,0,gray
,833,transferTrial,B_1_set4.png,0,0,transferFinish,,,0,0,gray
,833,transferTrial,A_6_set4.png,0,0,transferFinish,,,0,0,gray
,833,transferTrial,D_3_set4.png,0,0,transferFinish,,,0,0,gray
,833,transferTrial,C_2_set4.png,0,0,transferFinish,,,0,0,gray
,0,PreProbeInterval,,0,0,,,,0,0,gray
,833,transferProbeTrial,D_4_set4.png,0,0,transferFinish,C_6_set4.png,C_5_set4.png,2,2,gray
,0,IPI,,0,0,,,,0,0,gray
,933,transferInferenceTrial,A_1_set4.png,0,0,transferFinish,D_2_set4.png,D_6_set4.png,2,2,gray
,0,ITI,,1000,0,,,,0,0,gray
,834,transferTrial,B_4_set4.png,0,0,transferFinish,,,0,0,gray
,834,transferTrial,A_5_set4.png,0,0,transferFinish,,,0,0,gray
,834,transferTrial,D_1_set4.png,0,0,transferFinish,,,0,0,gray
,834,transferTrial,C_6_set4.png,0,0,transferFinish,,,0,0,gray
,834,transferTrial,B_3_set4.png,0,0,transferFinish,,,0,0,gray
,834,transferTrial,A_2_set4.png,0,0,transferFinish,,,0,0,gray
,834,transferTrial,D_4_set4.png,0,0,transferFinish,,,0,0,gray
,834,transferTrial,C_5_set4.png,0,0,transferFinish,,,0,0,gray
,834,transferTrial,B_1_set4.png,0,0,transferFinish,,,0,0,gray
,834,transferTrial,A_6_set4.png,0,0,transferFinish,,,0,0,gray
,834,transferTrial,D_3_set4.png,0,0,transferFinish,,,0,0,gray
,834,transferTrial,C_2_set4.png,0,0,transferFinish,,,0,0,gray
,0,PreProbeInterval,,0,0,,,,0,0,gray
,834,transferProbeTrial,D_1_set4.png,0,0,transferFinish,C_6_set4.png,C_2_set4.png,1,2,gray
,0,IPI,,0,0,,,,0,0,gray
,934,transferInferenceTrial,D_5_set4.png,0,0,transferFinish,C_1_set4.png,A_1_set4.png,1,1,gray
,0,ITI,,1800,0,,,,0,0,gray
,835,transferTrial,B_4_set4.png,0,0,transferFinish,,,0,0,gray
,835,transferTrial,A_5_set4.png,0,0,transferFinish,,,0,0,gray
,835,transferTrial,D_1_set4.png,0,0,transferFinish,,,0,0,gray
,835,transferTrial,C_6_set4.png,0,0,transferFinish,,,0,0,gray
,835,transferTrial,B_3_set4.png,0,0,transferFinish,,,0,0,gray
,835,transferTrial,A_2_set4.png,0,0,transferFinish,,,0,0,gray
,835,transferTrial,D_4_set4.png,0,0,transferFinish,,,0,0,gray
,835,transferTrial,C_5_set4.png,0,0,transferFinish,,,0,0,gray
,835,transferTrial,B_1_set4.png,0,0,transferFinish,,,0,0,gray
,835,transferTrial,A_6_set4.png,0,0,transferFinish,,,0,0,gray
,835,transferTrial,D_3_set4.png,0,0,transferFinish,,,0,0,gray
,835,transferTrial,C_2_set4.png,0,0,transferFinish,,,0,0,gray
,0,PreProbeInterval,,0,0,,,,0,0,gray
,835,transferProbeTrial,A_5_set4.png,0,0,transferFinish,D_1_set4.png,B_1_set4.png,1,1,gray
,0,IPI,,0,0,,,,0,0,gray
,935,transferInferenceTrial,C_1_set4.png,0,0,transferFinish,B_2_set4.png,B_6_set4.png,2,2,gray
,0,ITI,,1550,0,,,,0,0,gray
,836,transferTrial,B_4_set4.png,0,0,transferFinish,,,0,0,gray
,836,transferTrial,A_5_set4.png,0,0,transferFinish,,,0,0,gray
,836,transferTrial,D_1_set4.png,0,0,transferFinish,,,0,0,gray
,836,transferTrial,C_6_set4.png,0,0,transferFinish,,,0,0,gray
,836,transferTrial,B_3_set4.png,0,0,transferFinish,,,0,0,gray
,836,transferTrial,A_2_set4.png,0,0,transferFinish,,,0,0,gray
,836,transferTrial,D_4_set4.png,0,0,transferFinish,,,0,0,gray
,836,transferTrial,C_5_set4.png,0,0,transferFinish,,,0,0,gray
,836,transferTrial,B_1_set4.png,0,0,transferFinish,,,0,0,gray
,836,transferTrial,A_6_set4.png,0,0,transferFinish,,,0,0,gray
,836,transferTrial,D_3_set4.png,0,0,transferFinish,,,0,0,gray
,836,transferTrial,C_2_set4.png,0,0,transferFinish,,,0,0,gray
,0,PreProbeInterval,,0,0,,,,0,0,gray
,836,transferProbeTrial,D_3_set4.png,0,0,transferFinish,C_5_set4.png,C_2_set4.png,2,2,gray
,0,IPI,,0,0,,,,0,0,gray
,936,transferInferenceTrial,B_2_set4.png,0,0,transferFinish,C_4_set4.png,A_4_set4.png,2,1,gray
,0,ITI,,1550,0,,,,0,0,gray
,0,End,,0,0,,,,0,0,gray
